id,area,district,floor,distance_to_center,rent_price
0,84.2,suburb,4,11.59,2485.07
1,66.8,suburb,3,5.85,1383.59
2,61.1,central,11,1.43,2497.48
3,86.2,residential,14,5.64,2710.22
4,50.5,central,5,1.21,1494.48
5,113.2,suburb,15,12.92,4858.93
6,90.4,business,18,2.3,4649.01
7,78.4,residential,6,4.57,2394.2
8,109.3,old_town,8,2.61,1662.69
9,108.2,luxury_hills,8,10.32,11700.77
10,81.7,university,12,4.42,1509.13
11,36.6,university,15,5.73,2349.53
12,63.1,central,12,1.0,4361.92
13,93.7,riverside,30,4.75,3771.1
14,79.0,residential,7,6.55,2454.92
15,39.2,residential,14,6.91,987.99
16,82.3,riverside,28,6.7,2437.83
17,51.7,university,12,3.9,3736.48
18,47.6,university,15,6.41,1878.34
19,135.2,green_zone,20,8.12,2258.52
20,55.3,residential,11,7.73,2491.56
21,52.7,university,14,4.63,2033.61
22,46.1,university,16,1.47,3724.28
23,24.4,university,12,5.98,3502.24
24,64.4,residential,1,11.67,2014.55
25,86.3,old_town,2,2.47,2675.08
26,53.0,university,8,0.2,3023.29
27,53.7,business,29,3.24,3063.97
28,174.5,luxury_hills,9,9.19,18387.89
29,83.5,business,10,4.09,3335.85
30,62.6,university,12,5.29,2700.89
31,29.7,university,10,2.92,3333.42
32,48.0,residential,5,7.06,1978.27
33,38.9,central,7,0.74,4919.7
34,91.2,residential,10,3.78,2991.53
35,34.6,green_zone,5,9.05,2560.88
36,32.2,university,16,3.07,3863.3
37,62.7,riverside,10,4.88,2417.65
38,104.4,luxury_hills,12,8.69,10649.22
39,61.7,old_town,4,2.88,2419.12
40,65.3,old_town,6,1.59,3975.46
41,68.4,riverside,2,3.42,2490.47
42,55.0,residential,17,9.07,1407.41
43,61.5,residential,8,4.87,2149.46
44,73.2,central,24,2.21,4604.06
45,49.3,suburb,4,13.26,1331.87
46,72.5,residential,15,7.93,2259.47
47,46.0,suburb,7,18.0,2334.82
48,49.7,suburb,5,10.7,2256.87
49,71.8,suburb,7,8.21,1027.66
50,106.1,old_town,5,2.7,4450.56
51,65.6,riverside,26,7.15,3402.11
52,47.8,residential,12,9.04,1304.99
53,42.9,central,28,0.66,5037.71
54,173.7,luxury_hills,6,7.25,29450.23
55,106.6,suburb,14,15.66,1525.59
56,56.8,university,2,6.13,1023.91
57,93.8,luxury_hills,20,11.01,8013.79
58,40.8,old_town,1,2.53,2120.69
59,54.8,central,12,0.57,6878.21
60,40.9,central,7,2.22,6017.28
61,48.9,riverside,2,2.72,2946.6
62,93.5,residential,11,5.64,2675.61
63,140.2,riverside,18,7.77,2479.82
64,101.3,business,22,2.32,5114.06
65,75.3,suburb,8,13.07,1324.49
66,89.5,suburb,4,17.38,1654.28
67,74.8,business,7,2.48,3983.77
68,66.4,riverside,15,6.65,3214.79
69,66.4,suburb,11,7.97,1228.7
70,52.5,central,5,0.84,4468.68
71,86.3,old_town,3,2.57,3792.11
72,63.5,riverside,6,3.71,2351.98
73,88.0,central,7,0.66,5693.04
74,54.4,central,4,2.53,4341.75
75,18.0,suburb,12,13.22,836.0
76,19.5,business,28,2.95,3614.73
77,60.3,industrial,15,10.71,350.0
78,62.2,residential,3,6.91,2432.18
79,78.6,riverside,24,6.17,2340.85
80,92.3,business,14,1.11,3472.76
81,54.5,riverside,7,6.16,2275.66
82,33.0,industrial,6,9.39,715.36
83,63.3,old_town,8,3.64,2522.26
84,47.3,central,17,1.53,4353.62
85,70.9,green_zone,16,5.1,3331.46
86,43.2,business,3,2.63,5101.67
87,86.3,riverside,8,8.65,2204.7
88,108.9,suburb,3,12.07,1865.93
89,35.8,residential,13,8.91,1631.96
90,82.8,suburb,16,11.9,2427.93
91,43.4,suburb,9,14.86,1904.02
92,71.5,green_zone,7,8.1,3491.88
93,25.2,university,15,2.6,2967.57
94,28.4,central,10,2.19,3570.55
95,42.9,central,11,0.2,3930.97
96,167.1,luxury_hills,3,10.31,18865.91
97,59.0,central,6,2.59,4133.22
98,74.0,business,5,2.9,3435.44
99,73.4,central,5,2.24,2849.16
100,84.1,suburb,16,9.94,1227.18
101,108.7,suburb,12,17.7,2225.37
102,94.3,green_zone,2,6.22,2668.51
103,59.0,university,12,3.92,1638.39
104,36.2,central,1,1.25,2786.65
105,72.7,suburb,8,8.83,2450.45
106,39.1,residential,7,6.18,1800.69
107,59.4,green_zone,13,4.86,5359.37
108,19.5,residential,22,6.97,1636.86
109,53.1,industrial,15,9.42,1483.23
110,139.1,green_zone,4,6.72,4784.91
111,94.7,old_town,7,2.37,2367.0
112,38.6,residential,9,6.75,1664.43
113,66.8,old_town,1,2.22,3147.48
114,95.6,luxury_hills,7,6.26,10243.68
115,101.6,green_zone,8,8.53,2653.11
116,57.4,industrial,6,12.53,873.96
117,66.2,residential,7,8.84,2087.48
118,52.9,university,7,6.08,3783.49
119,69.9,suburb,3,12.3,350.0
120,111.4,business,4,1.67,3804.93
121,101.7,riverside,12,4.69,3264.59
122,61.8,business,11,4.76,2992.02
123,94.9,residential,7,2.61,1635.83
124,40.0,green_zone,8,10.92,2770.48
125,94.3,residential,11,5.52,2103.45
126,110.4,riverside,5,8.51,3507.19
127,46.0,central,11,0.5,4671.11
128,74.3,central,1,1.33,3869.78
129,45.0,green_zone,2,10.78,1900.48
130,58.1,university,3,4.37,2571.51
131,42.6,university,2,3.58,3819.55
132,131.6,suburb,15,5.99,1920.69
133,72.6,green_zone,16,7.84,1960.46
134,65.4,residential,11,6.95,2548.04
135,81.8,old_town,7,4.39,2507.79
136,37.6,central,1,1.4,2612.33
137,36.1,university,18,6.33,2759.02
138,92.8,riverside,28,6.05,2520.3
139,58.8,residential,12,6.62,1732.01
140,39.7,suburb,12,15.72,1791.72
141,84.1,riverside,22,7.59,1139.35
142,25.3,residential,6,6.14,1485.87
143,77.0,residential,20,4.06,2719.48
144,148.5,green_zone,15,10.36,2598.36
145,60.3,green_zone,16,9.7,2388.2
146,63.2,residential,4,5.41,5998.73
147,80.5,business,3,2.56,4810.89
148,71.1,residential,7,6.27,3217.56
149,65.7,industrial,1,13.3,1671.5
150,42.3,central,6,2.56,5398.23
151,25.2,riverside,5,7.02,2217.22
152,66.7,business,6,4.0,3355.34
153,52.4,industrial,3,8.34,1193.78
154,144.6,luxury_hills,20,10.68,23531.66
155,69.0,riverside,8,3.51,4725.56
156,91.0,residential,9,8.49,1763.89
157,64.5,university,12,4.23,2499.11
158,41.1,business,7,1.92,2816.69
159,62.6,riverside,12,2.8,3858.74
160,64.8,residential,1,4.2,7431.9
161,107.3,green_zone,8,6.99,2413.47
162,107.9,luxury_hills,8,9.82,9489.62
163,149.3,suburb,14,8.89,2601.06
164,50.1,riverside,1,5.26,3313.78
165,60.3,green_zone,18,4.42,2716.27
166,51.2,residential,2,7.03,1731.09
167,71.2,residential,3,4.54,1000.97
168,40.6,university,2,5.05,1972.26
169,66.6,industrial,12,12.63,850.59
170,49.2,industrial,10,14.64,1409.19
171,47.2,university,19,4.69,3055.31
172,75.1,suburb,11,11.25,1794.87
173,60.6,industrial,5,11.63,2202.18
174,80.0,suburb,17,9.76,2758.58
175,64.9,suburb,1,9.57,3300.69
176,54.2,business,24,2.04,3216.43
177,84.9,suburb,15,15.14,1676.52
178,77.9,riverside,26,5.4,3323.45
179,87.2,suburb,5,9.91,1432.11
180,45.5,residential,2,7.52,1912.66
181,44.0,suburb,4,17.72,1647.41
182,88.0,business,8,2.38,5082.76
183,191.3,luxury_hills,10,11.3,23027.08
184,55.1,university,10,3.62,1711.9
185,75.9,residential,5,6.24,1233.72
186,78.9,green_zone,7,5.34,2974.45
187,60.6,industrial,15,7.3,940.43
188,80.0,residential,5,7.33,1824.36
189,61.1,green_zone,13,7.17,2624.07
190,73.2,residential,4,8.0,3210.81
191,95.4,residential,7,6.9,350.0
192,62.5,riverside,7,3.22,4387.34
193,46.6,riverside,5,2.73,1982.85
194,77.7,suburb,15,8.17,3088.35
195,51.8,industrial,2,10.25,412.52
196,65.5,residential,19,3.66,1725.58
197,96.3,green_zone,20,8.06,1001.93
198,98.7,suburb,12,16.78,2521.04
199,39.2,industrial,11,9.77,2194.0
200,82.9,riverside,4,7.26,2879.23
201,62.3,green_zone,16,11.5,1967.89
202,68.8,luxury_hills,1,10.47,7287.5
203,83.8,residential,15,6.7,1970.45
204,75.5,industrial,2,8.42,2355.83
205,41.1,industrial,14,11.97,1285.15
206,64.1,residential,2,7.79,2391.74
207,56.2,riverside,3,6.14,2734.17
208,60.9,business,5,3.01,2751.07
209,42.2,industrial,12,6.5,1575.96
210,54.4,business,12,2.83,2682.76
211,68.8,industrial,1,5.31,1285.77
212,84.2,residential,11,5.9,2221.07
213,78.9,industrial,4,9.08,1126.13
214,49.5,university,11,1.97,2989.73
215,56.2,residential,8,6.59,867.74
216,62.1,old_town,8,2.65,4467.54
217,109.2,riverside,9,6.45,2794.04
218,86.3,old_town,2,3.35,2710.95
219,55.4,green_zone,3,5.02,1921.42
220,62.4,luxury_hills,7,9.79,5874.49
221,69.3,riverside,28,3.94,2849.23
222,37.4,residential,1,8.69,1651.22
223,93.1,suburb,16,6.87,1878.6
224,73.8,residential,3,8.18,2133.96
225,100.2,residential,3,8.17,4152.93
226,75.4,green_zone,1,6.84,2511.35
227,80.5,old_town,7,3.58,1417.18
228,78.9,residential,1,7.57,1051.43
229,47.2,university,11,5.5,2377.8
230,60.6,riverside,2,6.4,4093.98
231,63.9,residential,14,5.47,3031.06
232,62.9,riverside,7,6.46,2503.65
233,80.7,riverside,3,3.53,1577.54
234,124.6,suburb,12,6.87,5212.53
235,35.6,riverside,14,4.46,3620.0
236,44.0,riverside,17,6.29,2779.4
237,104.6,old_town,8,1.43,2513.97
238,18.6,university,17,5.56,2404.83
239,29.8,industrial,10,15.18,517.41
240,82.9,riverside,17,3.2,3926.96
241,53.3,riverside,11,5.41,3421.99
242,62.4,business,10,2.21,6208.89
243,103.4,riverside,29,7.24,2546.82
244,50.1,business,29,2.06,2940.12
245,114.5,green_zone,6,6.91,350.0
246,45.8,central,4,1.02,3178.09
247,69.8,industrial,7,14.86,1285.46
248,65.1,riverside,12,4.78,4173.56
249,52.0,business,40,2.87,4973.51
250,68.8,suburb,15,14.61,2331.36
251,38.7,business,39,3.39,2222.84
252,66.7,residential,10,11.55,1198.7
253,64.9,industrial,4,11.24,1883.46
254,47.7,central,9,0.27,3681.69
255,58.0,residential,10,4.64,2397.92
256,97.8,green_zone,7,6.41,2801.91
257,24.8,business,3,3.02,3444.72
258,104.1,old_town,7,0.73,2866.07
259,72.9,university,12,4.82,2951.13
260,95.5,business,10,5.07,4821.24
261,70.6,residential,7,7.05,2405.64
262,89.6,industrial,13,6.96,1881.78
263,49.4,suburb,15,15.15,2214.72
264,73.9,suburb,2,10.42,1604.93
265,114.6,suburb,12,12.04,2051.0
266,100.7,residential,22,9.36,1740.4
267,92.7,suburb,2,17.96,1680.59
268,51.9,university,10,5.33,3124.12
269,119.3,luxury_hills,10,2.83,12121.72
270,70.3,university,12,6.42,2200.48
271,47.2,residential,1,7.45,2321.34
272,52.0,university,1,3.87,2794.17
273,71.2,residential,6,5.67,2176.0
274,63.1,residential,8,8.72,2812.61
275,62.3,university,15,2.6,2887.63
276,54.8,residential,11,9.73,2362.48
277,58.6,old_town,5,2.7,1579.52
278,20.2,business,9,3.65,2723.26
279,77.1,luxury_hills,1,7.41,6985.47
280,64.5,business,7,2.28,3696.37
281,64.1,riverside,29,3.62,5945.97
282,81.6,residential,8,8.9,2114.32
283,115.9,suburb,5,12.99,2540.35
284,28.0,university,11,3.85,5073.41
285,70.9,central,5,1.53,3780.85
286,135.2,suburb,12,5.28,4618.28
287,68.2,industrial,2,10.49,1467.64
288,124.7,suburb,11,14.49,1955.06
289,69.6,university,9,6.78,2644.75
290,21.5,university,4,6.62,5042.64
291,129.1,suburb,8,14.48,2796.46
292,61.8,suburb,6,16.32,2537.61
293,72.4,riverside,7,6.33,3784.05
294,63.4,industrial,10,8.97,1261.89
295,108.9,suburb,4,14.41,1291.51
296,164.3,luxury_hills,10,3.31,16685.55
297,50.1,residential,10,4.14,2197.33
298,80.8,business,16,1.41,3581.77
299,95.6,green_zone,20,8.23,2591.18
300,64.1,business,10,4.65,3281.0
301,56.5,business,3,3.21,4984.51
302,39.9,central,34,1.94,5475.8
303,208.8,luxury_hills,17,7.58,26848.74
304,92.5,suburb,7,12.91,1807.6
305,56.3,university,9,4.53,3006.17
306,35.8,industrial,10,10.19,1293.68
307,56.9,old_town,3,3.35,1829.82
308,39.6,business,29,2.57,3737.61
309,56.8,residential,5,8.29,2598.77
310,75.4,luxury_hills,17,5.91,7538.72
311,69.6,central,7,0.8,4654.34
312,119.0,residential,12,4.88,978.16
313,28.2,university,19,5.11,4105.84
314,72.5,residential,11,9.03,2736.71
315,93.2,suburb,1,13.87,2333.5
316,48.6,residential,15,8.51,1938.55
317,91.2,residential,14,5.52,894.58
318,125.0,luxury_hills,4,7.07,10503.53
319,74.6,business,6,1.77,3995.38
320,83.6,riverside,11,6.45,2804.04
321,52.5,residential,11,8.1,2983.28
322,105.3,luxury_hills,9,6.18,12494.82
323,38.4,university,11,2.72,2657.9
324,57.4,industrial,10,11.36,350.59
325,50.1,suburb,18,7.27,2234.4
326,123.2,old_town,4,2.76,2336.24
327,66.3,business,7,0.95,2496.59
328,68.5,residential,12,8.13,4301.16
329,92.7,residential,16,9.66,2830.38
330,94.7,business,2,2.3,5169.11
331,66.8,business,3,3.1,3367.76
332,64.7,green_zone,16,6.19,1942.42
333,25.6,riverside,16,6.28,2448.67
334,69.0,residential,9,5.45,1798.59
335,50.8,old_town,6,1.0,4217.4
336,35.6,central,5,1.42,3312.86
337,63.4,university,6,5.21,3659.75
338,199.6,luxury_hills,23,6.0,23193.17
339,68.2,green_zone,1,9.4,1408.23
340,84.4,green_zone,14,7.85,2584.14
341,83.9,riverside,6,6.26,2894.19
342,82.2,suburb,18,5.11,2236.0
343,105.9,green_zone,10,9.61,2921.33
344,85.6,residential,6,9.49,1557.94
345,109.8,riverside,8,5.09,2671.69
346,144.0,suburb,2,11.22,1598.95
347,63.5,university,5,5.93,3325.58
348,62.0,university,11,4.61,1711.43
349,40.9,central,5,0.2,4915.42
350,57.1,industrial,9,11.13,956.29
351,110.4,old_town,2,2.6,4483.96
352,83.7,business,10,4.54,2836.19
353,73.7,residential,14,7.96,2647.84
354,120.9,green_zone,5,8.32,2464.24
355,47.1,university,6,1.68,3308.73
356,52.1,business,3,5.13,2461.94
357,72.1,central,10,3.0,6873.53
358,61.2,residential,10,10.5,2018.3
359,127.7,green_zone,17,6.89,3948.0
360,39.3,central,8,0.81,5127.56
361,82.6,residential,16,6.46,2739.77
362,62.1,central,2,1.15,3135.97
363,86.7,business,3,1.34,1887.37
364,72.7,old_town,1,1.29,3211.73
365,78.7,industrial,5,10.08,704.64
366,69.1,riverside,11,3.32,2788.75
367,59.9,residential,15,7.78,1647.6
368,82.2,old_town,7,3.62,3022.92
369,39.6,central,6,0.86,6966.5
370,68.2,industrial,12,13.87,1793.26
371,50.4,suburb,11,15.3,1504.29
372,54.4,green_zone,10,7.2,2277.11
373,54.3,industrial,12,14.28,990.13
374,49.5,university,7,0.2,2041.74
375,34.3,central,11,1.21,4695.47
376,89.9,green_zone,3,6.64,3159.25
377,98.0,green_zone,15,10.24,1601.17
378,79.4,riverside,12,7.7,3078.4
379,43.5,university,5,6.05,1306.79
380,83.8,business,12,2.2,2905.95
381,69.6,suburb,6,13.54,1361.07
382,65.7,central,5,1.77,4272.28
383,33.5,residential,8,9.78,1001.17
384,38.6,old_town,8,2.91,2650.79
385,63.6,central,22,1.49,3868.83
386,65.6,central,1,0.69,3930.11
387,66.8,industrial,15,10.55,1203.01
388,81.4,industrial,10,7.21,1470.54
389,63.9,riverside,4,3.72,3116.19
390,71.4,residential,1,6.45,3245.45
391,36.1,luxury_hills,19,8.02,3683.94
392,47.7,university,18,7.29,1623.85
393,82.4,residential,7,5.29,2749.25
394,45.8,business,2,4.89,2654.44
395,30.8,university,3,6.1,3405.43
396,116.9,business,5,1.53,4418.49
397,49.0,residential,14,6.18,1841.51
398,42.8,residential,1,9.84,1391.12
399,107.8,suburb,4,9.39,1677.67
400,45.5,old_town,6,2.17,1659.87
401,60.0,residential,2,4.78,1321.42
402,47.6,luxury_hills,6,15.18,5808.33
403,58.0,central,9,0.83,4648.02
404,50.7,central,6,0.37,3848.65
405,86.4,industrial,16,11.2,1514.44
406,56.8,green_zone,13,9.42,2886.22
407,80.0,business,8,2.79,3165.16
408,88.1,riverside,6,5.4,5064.91
409,85.3,suburb,10,12.67,1765.59
410,53.8,riverside,11,8.6,2144.39
411,121.4,green_zone,9,11.92,1439.27
412,57.4,suburb,14,10.36,5906.3
413,57.5,suburb,2,10.01,2051.86
414,121.3,suburb,12,5.97,2625.83
415,76.5,residential,8,7.57,2985.24
416,107.6,luxury_hills,6,6.2,8712.18
417,118.5,business,12,3.2,4545.79
418,62.7,central,7,0.44,2730.39
419,46.5,residential,7,5.72,2132.89
420,73.6,residential,10,3.01,3624.0
421,63.6,central,4,2.03,3012.92
422,112.9,suburb,4,8.65,1904.73
423,55.7,central,8,0.56,3837.8
424,43.5,central,29,2.71,1748.13
425,43.7,university,8,1.17,2321.02
426,52.5,business,3,3.18,3036.1
427,58.4,riverside,5,4.18,1318.27
428,70.6,riverside,5,6.8,1525.61
429,66.8,university,8,3.48,2829.55
430,63.0,riverside,29,5.04,3858.24
431,123.6,suburb,10,17.57,492.83
432,18.7,university,8,4.23,2620.67
433,128.8,green_zone,16,5.07,1681.48
434,86.9,university,6,3.79,1815.09
435,42.2,riverside,4,4.93,3406.14
436,171.1,luxury_hills,9,6.9,25120.81
437,40.7,university,8,5.26,2142.1
438,57.8,business,12,3.04,4743.42
439,40.9,university,12,2.72,2764.58
440,67.2,central,12,0.2,3453.53
441,57.1,university,17,5.27,2770.34
442,35.6,old_town,3,4.0,2633.01
443,31.4,residential,6,7.87,2059.07
444,55.9,residential,4,6.89,3178.84
445,180.1,luxury_hills,12,7.38,19400.52
446,69.5,suburb,12,7.43,1237.36
447,79.6,business,11,2.64,3380.4
448,88.9,industrial,8,9.12,1654.43
449,80.2,suburb,2,15.23,2146.19
450,18.0,old_town,2,3.11,2027.14
451,78.7,green_zone,14,10.22,2627.83
452,100.6,suburb,16,10.2,2039.45
453,69.6,suburb,17,7.67,1954.15
454,81.0,old_town,2,2.58,1078.18
455,181.7,luxury_hills,11,8.56,35359.6
456,76.6,residential,2,9.22,1645.26
457,84.0,business,31,2.02,3486.82
458,88.1,residential,15,8.9,3150.96
459,94.9,suburb,9,14.64,1797.42
460,43.0,industrial,11,12.19,616.87
461,91.4,business,1,3.06,3024.57
462,57.0,residential,3,10.34,2602.72
463,35.8,residential,12,8.29,1991.81
464,33.7,industrial,2,6.44,1435.63
465,107.7,old_town,2,1.47,4237.94
466,57.9,university,18,4.22,4021.33
467,30.9,residential,6,8.16,654.89
468,60.9,suburb,4,13.64,2100.96
469,89.9,suburb,10,12.69,2194.24
470,68.8,green_zone,7,8.38,3489.84
471,50.3,residential,20,4.82,2159.47
472,50.1,green_zone,17,9.7,2801.36
473,49.2,business,9,2.53,2755.1
474,87.8,suburb,1,15.07,1297.69
475,35.6,university,10,4.83,1817.93
476,64.2,suburb,10,15.55,2142.01
477,134.1,suburb,6,15.86,350.0
478,62.4,business,6,1.84,3424.92
479,34.1,industrial,9,8.61,1189.28
480,108.7,suburb,12,4.86,2277.87
481,44.4,old_town,5,3.38,2426.24
482,62.4,old_town,4,0.2,4078.28
483,39.5,central,18,1.08,5523.82
484,51.6,central,31,0.2,3236.15
485,18.0,riverside,6,4.5,2522.54
486,69.1,central,2,2.32,3292.0
487,36.6,old_town,4,4.77,2874.4
488,94.1,central,19,2.21,3494.52
489,84.7,old_town,5,4.23,4013.59
490,89.6,riverside,8,8.95,1851.69
491,52.3,business,4,3.73,2545.99
492,36.3,university,13,5.2,2112.31
493,60.0,business,18,1.77,4950.67
494,33.0,residential,1,7.9,2108.73
495,18.0,central,4,1.39,3391.03
496,89.3,riverside,1,4.31,3918.92
497,79.0,residential,21,7.88,1191.87
498,60.9,green_zone,11,5.14,2862.71
499,69.4,university,11,2.34,3039.73
500,95.9,riverside,10,4.23,2686.67
501,35.3,business,3,3.26,3122.99
502,18.0,central,16,1.92,5741.93
503,51.0,residential,4,5.08,1836.19
504,106.6,residential,1,4.61,3587.05
505,27.8,central,2,2.05,3035.29
506,67.6,green_zone,20,11.45,2481.14
507,53.9,central,5,1.83,2846.65
508,63.9,industrial,13,13.95,2025.71
509,56.4,university,2,5.18,2915.02
510,31.8,university,3,2.88,3671.63
511,76.9,residential,2,5.74,2310.94
512,43.3,industrial,13,13.5,975.4
513,53.2,riverside,12,4.68,2941.98
514,61.7,suburb,5,10.4,3615.22
515,75.7,industrial,13,11.16,1373.9
516,82.1,business,7,1.83,7585.96
517,60.0,suburb,1,8.83,1401.95
518,75.1,business,2,3.72,3996.78
519,56.5,residential,4,6.13,2394.73
520,44.7,central,12,1.63,6279.15
521,77.5,suburb,8,6.48,3090.62
522,59.8,residential,2,7.04,1850.06
523,40.3,old_town,2,1.33,2836.5
524,138.7,riverside,12,6.5,2702.39
525,78.1,old_town,7,1.72,2862.39
526,71.0,residential,7,5.67,1714.03
527,79.4,residential,10,4.17,3601.19
528,28.6,residential,1,7.41,1046.83
529,70.9,residential,18,4.56,3865.98
530,82.1,residential,8,7.91,1703.04
531,18.0,central,3,3.13,3224.02
532,67.2,residential,1,3.57,1641.04
533,106.7,residential,11,9.06,3006.88
534,43.9,industrial,12,12.16,1556.62
535,36.9,university,11,2.95,1808.12
536,49.8,residential,8,7.11,2864.27
537,29.7,industrial,1,13.17,496.25
538,58.2,riverside,8,4.04,3296.45
539,136.0,suburb,7,11.38,1727.83
540,84.7,suburb,1,17.69,1750.54
541,81.2,riverside,1,6.9,2545.87
542,80.1,riverside,2,6.35,4071.83
543,66.5,residential,1,6.83,1591.57
544,156.4,luxury_hills,1,10.24,27074.7
545,133.4,suburb,12,10.95,1444.27
546,46.0,residential,11,9.05,2080.42
547,44.2,university,14,2.52,3947.2
548,177.6,luxury_hills,22,6.95,21399.45
549,25.8,industrial,3,6.1,514.95
550,49.5,business,2,4.65,2371.96
551,41.9,central,24,0.82,4210.8
552,65.4,residential,14,10.29,2578.74
553,91.0,green_zone,3,7.01,2734.83
554,76.4,central,10,2.01,4153.32
555,71.7,residential,8,5.92,1807.88
556,40.1,central,7,1.44,3528.48
557,100.3,suburb,12,13.45,1817.58
558,28.9,old_town,7,0.7,2179.03
559,88.0,riverside,21,4.72,5339.87
560,89.1,suburb,1,12.04,2109.5
561,68.0,riverside,12,5.47,3944.04
562,122.0,suburb,9,11.6,710.65
563,63.4,riverside,7,6.63,3370.21
564,60.6,central,9,1.51,2835.61
565,62.2,central,13,1.14,4605.39
566,64.2,suburb,16,10.19,2726.1
567,58.4,university,11,5.0,2564.69
568,63.3,industrial,14,9.56,942.43
569,37.7,university,19,3.44,2381.25
570,29.3,residential,9,5.08,1524.81
571,41.4,residential,17,5.71,2565.19
572,70.0,old_town,1,2.75,1621.24
573,61.2,industrial,12,11.33,986.87
574,48.1,central,6,2.07,4503.8
575,60.7,central,10,1.19,6194.62
576,46.5,business,29,2.5,3652.69
577,48.2,industrial,13,9.19,1806.66
578,58.3,business,12,1.75,6109.06
579,58.9,green_zone,15,7.7,2906.51
580,95.4,green_zone,6,2.78,2240.05
581,40.4,residential,15,3.81,2414.31
582,48.3,residential,5,7.27,1638.66
583,87.8,riverside,23,8.27,2353.55
584,38.4,central,5,1.71,2902.41
585,63.0,business,7,2.93,2704.46
586,71.8,industrial,16,10.25,1957.11
587,77.9,central,1,1.06,3450.16
588,86.0,residential,2,5.55,1906.55
589,28.3,business,6,3.35,6148.31
590,80.8,suburb,4,17.38,1151.99
591,38.9,business,1,4.68,2128.82
592,35.6,university,2,6.54,2414.49
593,61.3,suburb,1,15.45,1200.94
594,77.9,residential,4,9.47,2239.95
595,107.3,residential,21,1.87,1859.42
596,50.1,suburb,18,9.86,1969.29
597,43.8,suburb,14,11.31,1315.73
598,31.4,residential,2,8.07,3137.39
599,61.2,residential,5,13.07,1553.63
600,55.5,industrial,12,12.9,933.79
601,47.6,residential,13,3.98,1278.75
602,67.9,university,11,3.34,1757.36
603,51.9,suburb,10,9.91,3357.85
604,79.0,residential,18,5.5,2653.19
605,46.0,business,19,4.23,2311.2
606,51.8,university,13,4.23,2940.67
607,59.4,central,4,2.99,5531.38
608,67.7,business,3,2.18,4172.32
609,39.5,central,10,0.99,4479.34
610,74.3,luxury_hills,9,12.43,8151.13
611,118.4,old_town,3,1.42,3748.5
612,57.5,industrial,9,7.5,1348.96
613,67.6,business,8,1.34,4115.19
614,103.8,suburb,15,10.93,1822.13
615,57.7,industrial,8,7.85,2261.34
616,102.7,suburb,10,11.43,1442.11
617,40.6,residential,13,7.88,1878.25
618,43.4,riverside,11,2.59,4173.43
619,90.0,residential,3,11.42,1655.89
620,93.8,suburb,11,11.69,2370.03
621,78.2,residential,8,4.27,1542.5
622,18.0,residential,3,7.33,2389.29
623,59.8,business,11,4.17,1956.39
624,79.5,old_town,3,0.96,4492.85
625,52.2,suburb,9,12.14,2890.82
626,29.3,industrial,12,9.91,350.0
627,51.2,residential,2,7.07,4702.39
628,43.6,university,10,2.79,4742.42
629,107.2,suburb,4,11.08,2153.87
630,97.3,suburb,15,13.45,2119.78
631,80.8,suburb,13,9.83,1760.13
632,73.3,old_town,5,3.34,2962.17
633,41.9,industrial,1,9.53,1432.99
634,103.7,residential,12,7.44,1840.05
635,58.1,university,3,4.41,3077.25
636,54.8,central,27,0.7,5260.54
637,26.3,industrial,13,9.64,1545.02
638,57.6,business,8,2.51,1908.27
639,123.4,suburb,3,16.21,409.81
640,76.1,industrial,12,15.55,954.55
641,47.4,suburb,8,10.85,985.29
642,95.0,riverside,12,2.0,5722.94
643,65.5,business,3,3.0,3458.79
644,45.8,suburb,10,9.55,2128.24
645,100.6,residential,7,10.47,1988.88
646,75.8,central,6,1.74,4246.96
647,120.6,suburb,7,18.32,2721.3
648,130.5,green_zone,12,5.62,3159.2
649,49.8,riverside,1,8.27,2720.43
650,74.7,central,8,2.22,4012.5
651,173.4,luxury_hills,12,12.62,27126.31
652,81.6,residential,18,7.01,1489.01
653,83.7,suburb,8,20.66,1877.93
654,59.7,central,21,1.44,2155.25
655,70.3,suburb,13,11.06,1369.53
656,75.5,residential,2,6.5,1226.22
657,98.7,riverside,1,5.83,5919.23
658,48.3,university,3,3.45,3823.15
659,39.6,central,5,0.32,4722.23
660,34.0,industrial,5,11.09,1089.39
661,72.1,university,3,4.92,2867.4
662,33.9,university,20,6.04,5040.12
663,58.1,residential,1,7.51,1746.55
664,38.9,university,4,2.49,2540.19
665,65.4,business,37,3.31,4143.34
666,35.4,residential,11,5.89,2280.78
667,75.3,residential,1,2.88,2883.36
668,86.2,green_zone,1,4.27,680.01
669,88.1,luxury_hills,8,10.16,9672.81
670,30.2,university,2,6.8,2596.07
671,77.3,riverside,10,3.5,2855.21
672,72.7,riverside,6,5.48,4499.6
673,82.8,business,7,3.38,4016.84
674,66.0,business,4,3.52,3714.37
675,40.3,central,19,2.07,6330.09
676,69.1,suburb,5,14.74,1064.3
677,50.1,green_zone,6,7.89,1908.99
678,101.1,residential,7,4.61,803.65
679,80.7,industrial,16,12.47,1024.68
680,88.6,residential,20,5.71,1937.72
681,112.6,riverside,4,5.33,2224.0
682,51.6,industrial,2,11.07,922.3
683,64.1,industrial,4,9.17,1970.8
684,94.9,green_zone,11,5.31,2959.76
685,130.3,suburb,4,12.45,1942.05
686,20.6,green_zone,18,2.46,3492.15
687,36.8,riverside,10,6.72,2151.81
688,76.1,business,3,1.6,3684.83
689,52.3,residential,6,1.0,999.18
690,37.6,business,16,3.12,4752.94
691,42.5,residential,19,7.15,1835.82
692,62.8,residential,11,9.29,1314.65
693,48.6,residential,7,7.57,2761.18
694,122.5,riverside,29,4.12,6757.02
695,56.5,university,20,2.87,2550.45
696,48.2,business,9,5.35,3552.36
697,59.2,old_town,5,3.38,2749.49
698,45.1,industrial,7,8.46,1424.96
699,128.9,green_zone,12,5.05,1958.36
700,41.2,business,9,2.31,2700.54
701,92.9,riverside,18,5.23,3180.56
702,77.2,residential,12,10.6,2600.63
703,37.9,residential,3,8.29,1262.79
704,114.8,suburb,6,11.62,2203.93
705,41.8,industrial,12,4.68,1686.66
706,61.2,riverside,30,5.22,2872.93
707,83.0,business,4,2.51,3346.28
708,62.3,central,11,0.84,5341.61
709,53.1,riverside,2,4.85,1293.62
710,119.6,old_town,3,1.1,4401.25
711,81.2,residential,1,8.29,1505.14
712,41.9,university,10,8.23,1841.98
713,60.7,business,31,3.28,2994.12
714,41.1,university,4,5.3,4193.44
715,75.3,industrial,16,7.63,709.75
716,76.0,riverside,12,3.68,3273.99
717,24.9,suburb,17,13.88,1208.84
718,116.0,residential,4,9.33,2131.41
719,52.6,central,2,1.26,5421.62
720,57.3,green_zone,12,6.29,2759.17
721,39.1,industrial,7,11.63,698.38
722,112.9,suburb,3,9.14,1048.56
723,75.8,residential,4,7.13,2190.01
724,79.0,residential,16,6.79,1608.07
725,62.6,riverside,30,7.7,3442.08
726,77.1,suburb,18,14.76,1885.08
727,96.3,central,9,1.92,1525.4
728,34.4,central,5,2.35,2521.72
729,82.0,green_zone,6,6.1,3884.94
730,46.2,suburb,2,10.73,1675.6
731,49.2,university,6,6.44,2086.0
732,184.1,luxury_hills,17,8.66,31433.09
733,50.4,old_town,7,3.14,4019.19
734,29.7,university,13,6.31,2285.96
735,62.4,suburb,4,8.95,2342.12
736,53.9,old_town,8,1.88,1113.4
737,21.8,business,7,3.64,3113.61
738,59.2,business,11,3.57,3214.66
739,70.7,old_town,7,2.64,3642.93
740,137.6,luxury_hills,10,15.17,12098.78
741,127.5,luxury_hills,17,6.79,11846.72
742,58.1,residential,11,8.94,1417.18
743,79.2,residential,8,4.15,3775.85
744,30.7,central,33,1.57,4647.12
745,44.8,green_zone,17,9.22,1860.69
746,54.6,university,6,3.09,1431.54
747,52.5,luxury_hills,12,3.98,6847.99
748,46.3,residential,3,5.41,1549.93
749,36.2,university,15,6.31,3150.41
750,71.2,university,12,6.25,1877.54
751,57.9,business,12,3.31,2819.55
752,80.5,residential,17,5.02,2222.56
753,70.5,industrial,9,6.46,2218.28
754,104.0,old_town,4,0.86,3697.68
755,18.0,university,9,2.34,3310.7
756,51.7,university,4,3.31,2931.85
757,60.8,university,7,2.58,3222.87
758,60.6,riverside,10,6.93,2829.57
759,87.3,residential,5,10.45,2381.4
760,79.5,central,19,2.44,4734.89
761,48.0,green_zone,3,9.05,2063.98
762,86.3,luxury_hills,12,9.05,10606.96
763,139.5,suburb,6,12.93,1514.09
764,31.5,university,14,2.91,2550.78
765,174.9,luxury_hills,11,12.55,15824.54
766,18.0,old_town,7,3.67,2732.19
767,113.0,suburb,2,10.88,2318.44
768,63.5,central,4,2.02,5906.15
769,141.6,suburb,7,9.57,2094.7
770,64.5,industrial,15,10.05,1806.21
771,70.1,old_town,1,2.99,3306.67
772,40.2,residential,11,8.0,1182.64
773,43.9,business,10,4.13,2148.95
774,49.0,university,7,2.63,2451.13
775,75.6,suburb,8,13.57,1111.84
776,55.8,residential,12,6.13,1242.44
777,55.7,residential,5,6.38,2486.74
778,80.8,industrial,10,9.05,1772.01
779,37.9,green_zone,8,8.6,2239.24
780,79.1,central,7,0.2,3332.11
781,55.7,industrial,15,6.58,1802.48
782,80.8,riverside,3,7.72,2271.84
783,35.8,university,4,1.12,5343.47
784,56.3,central,10,0.59,3091.49
785,69.5,green_zone,9,6.64,1900.76
786,54.3,industrial,9,11.84,965.7
787,45.5,industrial,5,7.24,1891.62
788,51.9,university,19,7.32,2445.86
789,69.7,residential,7,6.97,2915.71
790,77.7,business,10,2.56,5306.29
791,75.1,riverside,10,5.79,3745.34
792,74.7,suburb,4,13.23,2107.13
793,91.8,suburb,1,14.29,2347.03
794,62.5,business,7,2.17,3204.64
795,48.4,riverside,18,5.08,2608.74
796,73.6,residential,2,7.17,1955.84
797,107.1,business,5,3.57,4821.83
798,74.4,residential,10,3.88,2378.03
799,54.2,university,13,6.68,2017.33
800,51.7,green_zone,11,7.85,3031.18
801,79.7,suburb,10,10.02,1973.03
802,81.3,business,6,2.92,4205.42
803,69.6,residential,5,5.85,899.42
804,57.7,green_zone,9,8.07,2701.48
805,83.7,old_town,5,2.34,2569.84
806,71.4,business,3,4.2,2439.8
807,51.1,central,12,0.2,5120.56
808,114.5,luxury_hills,2,5.95,12192.6
809,56.4,suburb,13,9.57,1457.85
810,83.7,suburb,12,8.59,3066.98
811,128.0,suburb,9,16.37,941.72
812,37.8,university,8,5.53,2291.96
813,78.2,old_town,7,3.59,2808.86
814,119.9,suburb,13,8.17,2082.53
815,110.4,riverside,5,4.81,3074.53
816,29.4,residential,3,7.55,1577.2
817,94.3,suburb,4,10.46,3648.44
818,94.9,suburb,14,13.44,1558.76
819,63.1,green_zone,9,7.23,4540.48
820,75.2,business,7,1.7,2162.78
821,46.1,business,2,3.55,2229.53
822,74.7,residential,4,5.35,2844.35
823,51.8,business,10,3.53,2614.73
824,46.4,university,10,4.4,2017.2
825,94.0,central,11,1.19,5898.97
826,87.5,residential,3,3.12,1541.34
827,87.1,industrial,7,13.17,1911.66
828,43.3,riverside,12,3.9,2785.17
829,130.7,green_zone,4,7.7,1698.39
830,127.9,suburb,13,15.02,1613.34
831,42.4,residential,6,7.96,1021.58
832,83.4,business,5,3.09,4618.72
833,81.9,residential,11,8.65,2718.59
834,69.0,central,3,0.82,5493.21
835,38.9,university,5,3.78,2256.56
836,115.3,suburb,12,10.65,1478.23
837,47.7,old_town,3,3.26,4662.33
838,74.4,university,1,4.3,1952.87
839,58.9,business,12,3.51,6307.99
840,50.7,residential,7,8.77,1964.7
841,18.0,residential,1,5.46,1485.74
842,50.0,old_town,2,2.66,2656.17
843,92.1,residential,17,7.73,1448.5
844,68.1,old_town,4,2.66,3393.61
845,64.2,university,4,3.86,2022.3
846,90.8,green_zone,3,8.31,3755.38
847,42.5,university,11,4.86,1936.23
848,181.9,luxury_hills,11,11.62,32729.85
849,48.4,residential,4,8.08,1281.72
850,30.5,university,10,2.95,3382.34
851,70.9,old_town,1,2.58,2124.42
852,84.1,riverside,29,5.08,2805.04
853,132.9,suburb,10,4.17,3196.69
854,58.9,university,10,3.28,3319.26
855,51.8,university,3,6.0,2392.31
856,64.5,residential,3,3.43,3101.54
857,88.7,suburb,10,16.71,1656.16
858,82.4,residential,9,7.32,3470.14
859,128.6,suburb,1,15.59,401.21
860,61.6,central,11,3.11,2023.72
861,54.6,residential,6,7.6,1594.8
862,83.3,residential,1,7.34,1851.12
863,46.2,university,5,7.87,1989.12
864,90.3,suburb,16,13.93,1924.54
865,27.9,central,8,2.25,3976.8
866,57.8,residential,4,10.19,1531.02
867,41.9,suburb,11,12.49,1472.11
868,74.9,riverside,7,4.7,3969.57
869,79.0,residential,8,7.83,2582.19
870,58.0,university,3,3.22,1065.39
871,49.1,central,20,2.19,3560.48
872,33.9,business,10,4.03,3654.89
873,68.8,residential,5,4.96,1757.07
874,19.7,residential,3,4.58,1200.17
875,130.6,green_zone,7,9.68,2477.98
876,114.0,residential,10,8.89,1741.11
877,53.1,residential,7,5.87,826.12
878,120.3,luxury_hills,8,11.18,10546.64
879,63.1,business,7,2.46,3238.98
880,47.0,riverside,2,3.3,3117.24
881,51.7,business,40,2.26,4212.78
882,101.0,suburb,12,9.31,2093.45
883,43.0,residential,11,5.58,1745.75
884,56.7,green_zone,10,9.21,2577.08
885,98.0,riverside,3,6.51,2915.18
886,72.9,old_town,6,2.59,4278.62
887,61.9,suburb,6,10.44,2338.52
888,70.2,old_town,3,2.39,2687.3
889,44.0,residential,8,7.63,2535.43
890,72.1,riverside,11,3.36,2710.07
891,39.0,business,3,3.49,3210.81
892,61.8,green_zone,20,5.1,1922.66
893,71.3,residential,17,4.72,1721.75
894,29.3,university,4,5.49,3812.33
895,75.9,residential,16,9.42,903.72
896,93.7,residential,11,4.85,4203.57
897,51.7,residential,18,9.11,1852.01
898,87.5,old_town,1,1.8,2466.03
899,162.0,luxury_hills,5,9.69,13025.47
900,25.1,business,8,3.44,3886.83
901,78.0,central,32,1.16,5716.32
902,44.8,residential,1,6.67,887.21
903,61.4,riverside,4,7.01,2693.53
904,90.1,residential,6,11.03,3530.58
905,84.5,residential,10,8.01,1429.33
906,88.5,green_zone,16,7.86,2657.75
907,77.8,residential,4,9.18,2114.27
908,45.2,university,7,4.23,3114.38
909,46.6,university,12,4.77,1730.25
910,48.0,central,29,2.22,3098.94
911,49.5,residential,4,5.16,2045.36
912,36.6,industrial,8,15.14,891.56
913,69.1,residential,2,4.51,3244.46
914,79.2,old_town,3,2.5,2618.87
915,65.0,business,3,1.89,2410.18
916,46.3,business,6,3.12,3584.44
917,52.5,university,14,3.89,727.11
918,49.1,green_zone,19,9.45,2395.02
919,51.8,university,14,3.61,3661.23
920,56.6,old_town,5,0.76,3303.13
921,96.7,old_town,4,1.5,2480.8
922,47.7,central,20,2.74,4099.52
923,18.0,business,1,3.74,2931.05
924,97.2,industrial,14,7.74,2861.81
925,51.7,residential,2,7.7,2208.32
926,72.6,suburb,11,10.9,1936.23
927,63.3,business,12,4.22,3094.91
928,55.2,residential,18,6.38,2126.5
929,76.3,university,1,5.49,2310.79
930,83.5,green_zone,19,11.09,2246.75
931,65.4,residential,10,6.25,2394.46
932,30.5,residential,6,9.71,904.73
933,85.4,industrial,9,9.5,1193.1
934,23.7,university,14,6.0,1881.33
935,117.5,green_zone,20,9.31,2276.4
936,64.4,residential,5,6.41,1707.26
937,101.9,suburb,15,13.17,1693.58
938,92.2,suburb,10,11.33,2950.76
939,78.7,central,6,1.03,4996.67
940,25.2,residential,8,5.35,1959.58
941,74.0,green_zone,1,6.05,3937.59
942,80.1,central,8,0.2,7480.57
943,28.3,riverside,14,5.77,2233.34
944,51.4,university,17,8.63,1948.08
945,73.2,riverside,11,3.65,5215.02
946,32.2,business,4,5.1,3033.76
947,42.6,riverside,6,5.52,2772.47
948,51.2,business,9,3.8,3264.15
949,26.0,university,7,3.67,3136.38
950,64.5,residential,3,6.01,2383.42
951,82.4,suburb,9,11.23,1421.72
952,51.2,central,7,2.03,3507.02
953,39.4,residential,15,6.3,1962.3
954,70.4,residential,11,4.76,3086.55
955,41.4,residential,20,10.19,2235.99
956,133.0,suburb,16,16.52,1848.88
957,73.0,suburb,2,9.49,2427.72
958,81.8,suburb,12,11.14,1955.47
959,71.4,university,2,2.29,1689.11
960,23.6,central,3,2.33,4623.46
961,46.9,university,14,5.82,1965.97
962,46.0,central,5,0.63,2787.57
963,71.4,suburb,11,13.36,1779.94
964,67.3,suburb,7,9.27,2270.73
965,39.0,university,7,4.27,4013.65
966,41.6,residential,7,6.74,1487.95
967,37.3,old_town,8,0.2,2224.82
968,80.2,riverside,7,4.55,3377.68
969,66.5,business,6,4.48,3364.92
970,79.3,business,12,1.28,3329.16
971,74.8,central,4,1.35,6930.09
972,70.8,central,33,1.75,4860.91
973,88.9,residential,21,5.17,2164.37
974,96.1,business,19,3.8,3658.55
975,75.2,industrial,7,9.79,573.03
976,65.1,residential,12,2.92,3614.97
977,51.2,university,2,4.8,1505.44
978,123.6,suburb,12,10.47,948.44
979,147.8,luxury_hills,7,10.28,13817.28
980,48.0,old_town,5,2.09,3468.73
981,93.1,business,2,0.58,2979.42
982,28.4,university,5,6.59,2068.8
983,25.4,riverside,8,5.24,3824.17
984,109.7,suburb,14,13.48,2191.09
985,86.9,riverside,8,5.92,1859.4
986,72.8,old_town,8,1.6,1698.73
987,65.8,central,1,1.45,4244.21
988,43.1,university,11,5.64,2231.43
989,18.0,residential,1,4.35,1921.91
990,80.9,riverside,9,3.32,2288.87
991,46.7,residential,11,5.72,1581.75
992,62.5,green_zone,7,6.9,2530.39
993,95.6,old_town,8,0.81,1503.2
994,67.0,business,37,2.88,4638.56
995,64.7,suburb,4,17.92,2485.49
996,81.8,riverside,5,5.85,2410.33
997,105.9,riverside,25,5.3,3635.05
998,50.3,old_town,3,3.72,2933.04
999,54.9,business,11,1.66,3157.76
1000,62.0,residential,8,5.79,2111.48
1001,59.3,central,9,1.66,7569.05
1002,54.7,old_town,1,1.59,5411.69
1003,58.3,university,5,3.84,3201.8
1004,51.0,suburb,16,4.91,2084.06
1005,37.1,university,9,3.43,1491.85
1006,114.8,luxury_hills,6,15.61,14178.18
1007,66.5,industrial,8,9.32,2541.97
1008,51.1,central,12,2.67,5328.45
1009,120.3,luxury_hills,10,9.15,15235.14
1010,51.2,business,10,1.13,3877.03
1011,91.4,luxury_hills,16,6.48,11839.28
1012,89.0,green_zone,16,10.23,2346.0
1013,46.1,central,10,0.83,5467.03
1014,43.3,industrial,14,10.77,1559.36
1015,69.8,central,17,2.13,3680.58
1016,53.2,suburb,17,13.81,3699.96
1017,68.1,industrial,14,7.23,1063.97
1018,116.4,residential,6,8.92,3137.98
1019,68.6,central,27,1.3,6832.5
1020,82.5,business,10,1.24,3452.81
1021,18.0,central,7,0.2,5357.3
1022,40.7,central,6,2.81,2408.84
1023,103.3,old_town,1,4.08,2682.55
1024,110.0,suburb,1,15.6,1491.15
1025,56.5,residential,15,8.46,2680.96
1026,69.9,suburb,3,13.39,1886.2
1027,81.4,residential,12,7.02,1238.12
1028,76.6,business,9,1.5,4950.69
1029,101.9,suburb,12,10.65,2098.6
1030,18.0,residential,17,7.1,1535.5
1031,82.7,riverside,25,5.62,2251.0
1032,85.4,green_zone,1,4.55,2639.45
1033,87.0,suburb,10,7.53,1346.02
1034,43.9,residential,6,9.32,2182.56
1035,104.5,old_town,6,3.48,1904.11
1036,55.9,central,3,2.02,4394.65
1037,106.4,central,33,2.02,2438.76
1038,48.9,suburb,16,7.3,1002.48
1039,38.9,residential,12,5.76,919.02
1040,82.1,central,4,1.87,6426.7
1041,46.6,residential,17,6.26,2020.85
1042,41.6,university,2,5.43,2479.77
1043,75.1,residential,15,5.42,1865.38
1044,65.7,business,7,3.22,3186.9
1045,66.5,business,9,3.36,4425.41
1046,87.3,green_zone,8,8.94,2808.0
1047,59.8,business,12,2.71,3672.62
1048,36.5,residential,1,5.18,1715.65
1049,46.1,residential,21,4.11,1043.85
1050,103.0,residential,1,4.47,577.25
1051,71.8,business,39,4.32,3534.14
1052,67.8,industrial,15,6.6,2138.86
1053,32.8,central,3,2.15,2913.09
1054,37.1,old_town,8,1.75,2781.07
1055,92.0,suburb,8,11.57,3078.8
1056,61.4,suburb,15,12.0,1889.37
1057,95.3,riverside,5,4.43,2738.05
1058,68.4,old_town,6,2.04,3387.84
1059,50.4,business,37,2.42,4188.27
1060,46.6,university,14,3.99,2209.96
1061,43.2,central,5,0.71,4190.47
1062,41.4,suburb,18,14.91,1999.27
1063,18.0,green_zone,12,7.64,1899.97
1064,112.7,residential,7,9.09,5689.57
1065,137.2,suburb,12,13.79,2523.47
1066,84.5,central,2,0.39,4096.96
1067,91.7,green_zone,8,6.48,3637.24
1068,30.9,central,11,1.89,4081.14
1069,66.9,suburb,16,13.65,2302.39
1070,97.7,residential,3,6.03,1746.65
1071,57.2,central,7,1.17,6264.13
1072,21.6,riverside,8,6.44,2456.42
1073,66.1,central,4,0.47,4782.57
1074,92.7,business,1,2.76,5157.35
1075,18.0,green_zone,12,5.73,2174.11
1076,76.5,residential,9,12.32,2179.37
1077,70.6,riverside,5,5.81,1927.71
1078,84.8,suburb,12,15.32,1530.96
1079,39.9,central,5,1.28,4751.5
1080,86.5,luxury_hills,9,16.18,7620.46
1081,65.6,central,5,1.19,2191.87
1082,81.8,business,35,4.65,4432.34
1083,76.3,riverside,6,5.26,3155.15
1084,158.2,luxury_hills,8,6.27,25765.79
1085,163.5,luxury_hills,4,11.27,14154.08
1086,64.0,green_zone,4,6.28,3174.27
1087,98.6,green_zone,8,8.53,2280.41
1088,98.3,riverside,15,5.41,2625.68
1089,97.6,riverside,10,5.76,3267.58
1090,28.2,university,11,2.74,5023.97
1091,90.6,residential,10,9.5,1827.4
1092,92.3,green_zone,12,8.64,1962.74
1093,18.0,business,7,2.33,5986.66
1094,27.4,old_town,1,2.16,2387.42
1095,48.6,university,4,3.18,2942.18
1096,51.3,residential,1,6.05,3236.75
1097,34.6,university,12,5.56,3716.13
1098,101.1,suburb,12,13.23,2613.67
1099,40.7,university,15,1.69,3036.51
1100,74.8,industrial,4,12.04,1319.73
1101,61.9,suburb,1,14.05,1280.85
1102,62.4,suburb,6,16.45,2710.57
1103,34.1,residential,6,4.58,2333.95
1104,66.0,residential,8,7.16,1798.58
1105,37.4,central,8,0.9,5871.67
1106,73.8,suburb,16,7.78,2410.7
1107,69.9,residential,18,4.66,2107.85
1108,86.7,central,17,1.35,1109.54
1109,122.4,suburb,2,11.8,1248.0
1110,62.8,industrial,1,12.7,1493.64
1111,76.0,business,12,1.75,2647.05
1112,118.3,suburb,8,14.77,5956.6
1113,48.1,university,4,2.81,2176.33
1114,30.9,residential,17,5.99,1467.04
1115,90.8,suburb,9,8.75,2578.29
1116,42.7,industrial,15,13.22,1231.47
1117,61.9,industrial,14,12.52,800.88
1118,57.2,university,11,5.25,2614.06
1119,49.9,suburb,17,13.41,1551.58
1120,26.7,suburb,6,12.5,1905.61
1121,110.9,green_zone,14,9.12,1950.48
1122,80.1,business,21,5.0,1992.85
1123,94.1,riverside,9,5.9,3096.68
1124,26.1,residential,4,6.38,2051.81
1125,77.6,suburb,3,12.37,2356.74
1126,59.2,central,8,0.95,4330.35
1127,69.4,suburb,12,10.59,2731.27
1128,60.9,central,10,3.16,4404.9
1129,83.8,business,6,1.76,3406.16
1130,49.7,central,7,1.71,4328.92
1131,82.1,central,28,0.2,8176.88
1132,161.4,luxury_hills,10,6.49,16986.91
1133,65.0,green_zone,3,3.86,3937.66
1134,110.9,luxury_hills,12,7.31,8916.87
1135,63.2,riverside,5,8.04,1971.7
1136,94.5,residential,5,5.63,1712.24
1137,63.4,residential,22,8.76,2044.92
1138,77.4,residential,3,4.0,1937.54
1139,46.0,suburb,7,16.27,1707.12
1140,64.6,old_town,7,2.04,3654.85
1141,25.6,central,24,1.16,4711.41
1142,91.3,residential,9,3.91,4820.97
1143,53.4,university,5,2.87,2287.83
1144,49.0,university,14,3.19,2721.9
1145,45.3,business,5,3.56,1908.76
1146,65.1,central,2,1.43,3619.26
1147,78.9,old_town,3,3.91,3741.31
1148,99.5,green_zone,1,6.84,3491.96
1149,67.9,industrial,10,10.53,1727.31
1150,65.3,university,10,4.54,2403.93
1151,32.9,suburb,13,8.46,1356.82
1152,106.4,suburb,1,9.17,731.66
1153,52.0,business,6,3.08,3926.97
1154,80.8,residential,2,10.03,3091.06
1155,133.2,luxury_hills,23,8.64,14431.74
1156,40.1,industrial,14,11.11,1045.54
1157,48.2,residential,9,9.05,1671.06
1158,78.4,business,3,3.13,4021.22
1159,94.9,residential,1,7.07,2143.73
1160,68.9,green_zone,13,6.72,2741.75
1161,50.7,business,39,2.78,2778.64
1162,63.6,university,3,2.58,2292.33
1163,66.3,business,40,0.96,4207.77
1164,132.1,luxury_hills,5,8.44,12383.25
1165,70.3,business,8,2.12,3691.36
1166,77.9,riverside,6,4.15,1763.89
1167,60.6,industrial,4,10.7,874.21
1168,102.9,residential,7,9.77,2854.28
1169,67.5,old_town,4,3.79,1886.71
1170,52.3,suburb,4,15.38,2030.35
1171,28.7,central,6,0.49,6035.92
1172,50.4,industrial,8,7.59,2239.57
1173,114.3,green_zone,10,6.61,1769.15
1174,74.7,suburb,14,12.37,1579.0
1175,40.4,university,1,2.01,2335.26
1176,88.4,suburb,3,7.77,3013.26
1177,50.3,residential,18,3.58,1264.53
1178,69.1,suburb,3,13.89,1514.96
1179,56.8,industrial,4,12.89,1325.44
1180,22.1,university,9,4.87,2815.9
1181,79.7,industrial,11,9.66,2223.84
1182,74.1,suburb,14,13.01,1588.93
1183,49.6,central,14,1.03,3731.64
1184,58.2,industrial,5,12.93,2132.15
1185,72.5,university,6,9.0,1876.49
1186,51.2,industrial,10,9.87,512.75
1187,79.2,suburb,15,14.65,1709.61
1188,26.3,central,2,1.66,9014.5
1189,63.2,business,4,3.3,4141.65
1190,54.6,central,1,0.64,3635.04
1191,68.6,green_zone,17,8.72,2791.91
1192,36.6,industrial,3,10.17,873.94
1193,47.8,central,11,0.2,3815.08
1194,50.9,central,31,1.43,4679.21
1195,145.1,suburb,12,17.71,350.0
1196,92.0,old_town,1,4.07,2237.52
1197,65.1,suburb,4,10.4,1499.63
1198,52.9,residential,13,7.2,1860.77
1199,33.2,residential,12,7.13,1963.86
1200,110.4,business,1,2.82,4124.44
1201,53.9,central,8,1.59,3017.08
1202,25.8,old_town,3,3.89,2562.33
1203,66.3,residential,17,5.13,1819.14
1204,103.6,suburb,10,14.71,2768.64
1205,109.9,suburb,6,12.09,3512.8
1206,35.4,university,12,5.52,1493.26
1207,149.6,green_zone,12,5.16,2619.88
1208,200.5,luxury_hills,23,10.63,23030.77
1209,90.0,suburb,5,11.64,952.8
1210,18.4,central,2,1.63,2886.66
1211,174.6,luxury_hills,12,10.93,27242.57
1212,62.0,residential,8,6.58,1392.26
1213,90.4,suburb,8,16.02,4469.63
1214,61.0,riverside,9,4.68,1987.11
1215,69.2,industrial,14,13.51,1738.6
1216,69.6,business,10,3.1,3858.5
1217,27.1,residential,21,6.35,2436.1
1218,68.2,green_zone,7,9.61,2070.78
1219,69.1,residential,3,7.31,2769.28
1220,156.2,luxury_hills,11,12.77,11992.14
1221,116.6,luxury_hills,11,9.92,11531.92
1222,98.7,green_zone,2,10.25,2371.89
1223,42.3,central,23,1.52,4608.59
1224,82.4,suburb,12,12.14,2125.14
1225,71.0,suburb,11,12.72,1486.66
1226,29.6,riverside,2,4.26,1918.94
1227,74.7,green_zone,1,8.29,2767.97
1228,26.1,university,12,6.3,4631.07
1229,64.6,suburb,13,13.26,2679.03
1230,30.1,industrial,12,10.91,350.0
1231,75.3,riverside,7,2.57,3562.18
1232,48.8,central,8,1.73,2242.4
1233,190.0,luxury_hills,7,5.92,18504.79
1234,40.4,industrial,12,12.12,1916.65
1235,93.7,old_town,4,3.45,3888.61
1236,89.3,residential,16,6.99,1632.54
1237,56.8,central,3,0.48,2364.76
1238,18.0,university,1,7.19,3103.89
1239,56.9,residential,6,7.86,1150.21
1240,125.2,luxury_hills,10,10.58,11203.58
1241,71.0,suburb,7,10.49,1714.05
1242,43.1,university,2,1.19,2829.22
1243,45.5,industrial,2,14.77,1212.02
1244,87.7,suburb,5,5.38,2050.46
1245,44.2,central,3,3.07,2087.89
1246,41.7,old_town,6,3.18,1336.32
1247,90.9,riverside,7,4.85,2895.32
1248,79.1,residential,1,8.07,2539.19
1249,53.3,university,7,2.72,1407.51
1250,183.9,luxury_hills,5,10.7,28536.47
1251,63.9,suburb,6,16.22,1365.26
1252,67.0,green_zone,1,6.72,1604.74
1253,45.0,business,35,2.68,3841.51
1254,65.2,riverside,6,5.67,2664.81
1255,111.0,residential,6,8.82,3459.63
1256,78.5,riverside,12,10.34,2290.04
1257,28.1,university,10,4.87,1990.64
1258,90.3,suburb,1,13.59,2985.37
1259,38.0,residential,15,5.54,3066.94
1260,31.5,suburb,4,18.99,1979.55
1261,78.5,suburb,11,15.88,707.94
1262,65.6,central,2,0.92,2502.83
1263,40.7,central,10,1.28,4388.45
1264,52.6,university,12,2.64,2482.16
1265,44.1,industrial,7,9.56,3204.43
1266,23.9,university,20,3.69,2864.82
1267,69.0,central,8,0.94,6738.64
1268,82.3,residential,1,7.36,1924.6
1269,66.9,business,1,2.01,6367.02
1270,65.2,university,16,3.19,1326.43
1271,18.4,university,14,6.5,3702.3
1272,123.4,old_town,4,2.06,4939.61
1273,122.4,green_zone,20,6.61,2501.72
1274,79.1,residential,14,5.25,3819.66
1275,54.8,central,10,2.02,3013.43
1276,81.8,business,23,2.27,3277.95
1277,57.5,university,7,5.39,2168.69
1278,52.0,industrial,2,11.25,1641.5
1279,69.6,suburb,12,12.69,2179.65
1280,39.8,university,5,2.65,3841.69
1281,52.7,riverside,18,5.28,1702.7
1282,32.1,suburb,2,14.01,2007.12
1283,64.2,old_town,1,2.9,5358.59
1284,46.8,green_zone,19,1.49,5647.56
1285,95.5,industrial,6,8.18,2368.65
1286,67.4,central,1,2.07,3115.1
1287,76.8,green_zone,13,7.07,3060.94
1288,58.7,business,14,3.53,3889.94
1289,66.8,green_zone,4,8.4,1993.4
1290,54.2,residential,12,6.1,1627.11
1291,63.3,industrial,1,10.27,412.79
1292,81.9,suburb,2,15.57,1636.95
1293,62.6,residential,15,10.36,1061.98
1294,96.5,old_town,2,3.17,3258.58
1295,41.0,residential,12,8.4,1213.5
1296,117.5,suburb,12,12.7,2869.88
1297,75.7,green_zone,6,5.53,3825.11
1298,69.7,industrial,12,13.04,1008.55
1299,70.9,business,8,1.43,3075.62
1300,37.4,suburb,11,10.0,1898.52
1301,79.2,suburb,12,11.69,2431.4
1302,34.4,residential,2,6.2,1844.91
1303,58.4,suburb,2,12.09,2372.37
1304,47.2,suburb,13,13.1,1913.38
1305,39.9,university,2,6.89,1420.24
1306,69.4,central,7,1.95,4736.79
1307,55.0,green_zone,4,7.83,2575.45
1308,74.9,luxury_hills,23,11.4,8001.1
1309,82.1,residential,3,7.96,2716.24
1310,64.6,industrial,2,10.88,1244.16
1311,66.8,industrial,9,8.61,749.73
1312,68.5,university,19,3.87,797.96
1313,114.5,old_town,2,2.57,3714.0
1314,63.5,old_town,5,2.92,2759.91
1315,72.4,industrial,15,8.97,2987.66
1316,66.1,central,12,1.45,4285.58
1317,46.6,riverside,11,1.41,3232.74
1318,68.3,central,8,0.2,4929.37
1319,49.5,industrial,1,6.01,614.34
1320,67.2,old_town,4,1.49,1379.84
1321,33.0,residential,6,7.63,1989.18
1322,73.1,residential,5,4.21,2544.11
1323,32.6,business,7,2.19,3841.79
1324,114.3,old_town,2,2.86,3253.06
1325,63.5,industrial,9,10.13,1299.21
1326,36.9,central,6,1.58,5204.78
1327,51.2,green_zone,16,8.1,2540.56
1328,102.9,riverside,22,4.92,4238.56
1329,54.9,university,5,4.12,3238.09
1330,50.1,old_town,6,1.79,3187.55
1331,53.9,business,11,3.07,4511.02
1332,87.2,residential,22,7.78,1859.6
1333,62.2,university,11,2.35,2204.19
1334,90.9,business,6,2.48,3506.37
1335,39.1,university,20,4.49,1568.16
1336,124.8,suburb,11,17.62,1999.62
1337,52.5,residential,20,9.57,1970.15
1338,98.4,university,4,5.4,1565.29
1339,126.3,suburb,17,10.61,2057.52
1340,44.4,central,7,1.01,2699.14
1341,86.5,residential,12,7.11,3882.54
1342,58.2,business,7,3.63,3066.88
1343,81.7,industrial,11,9.18,1585.2
1344,29.0,central,3,2.0,4174.9
1345,71.2,riverside,2,10.76,2559.97
1346,69.2,university,16,3.68,3273.51
1347,90.8,business,11,3.09,3068.94
1348,69.3,business,1,3.71,2238.94
1349,74.1,residential,2,9.95,1367.51
1350,78.3,riverside,5,6.18,2909.96
1351,72.7,residential,4,7.41,2917.05
1352,27.1,riverside,26,6.65,3634.83
1353,60.6,university,12,2.44,3667.39
1354,33.7,industrial,12,9.86,909.75
1355,53.0,riverside,12,7.15,4291.06
1356,53.9,university,16,4.77,2585.64
1357,103.9,residential,3,8.06,1615.24
1358,66.7,riverside,12,3.1,3208.19
1359,58.7,old_town,4,0.59,3059.88
1360,29.7,university,12,4.93,4803.06
1361,78.4,industrial,1,10.57,1941.95
1362,29.1,central,7,0.33,8618.19
1363,62.2,business,5,3.64,2246.79
1364,71.9,residential,3,6.7,3298.18
1365,54.7,central,6,2.89,3508.18
1366,63.9,industrial,7,12.72,1340.44
1367,69.1,central,10,1.7,6998.79
1368,44.9,old_town,4,2.28,3231.63
1369,74.8,green_zone,9,4.87,1791.78
1370,37.4,luxury_hills,13,7.32,5993.97
1371,54.5,university,12,2.25,2018.5
1372,34.3,university,20,5.4,4656.67
1373,59.4,suburb,17,10.5,1389.62
1374,49.7,business,2,3.85,2307.95
1375,47.7,old_town,5,2.2,2087.22
1376,105.9,residential,20,5.91,2721.08
1377,79.8,residential,3,8.6,2081.35
1378,88.9,residential,21,8.56,2454.19
1379,118.6,luxury_hills,6,12.5,18780.64
1380,95.7,old_town,3,1.63,2312.58
1381,53.2,residential,3,6.98,1241.33
1382,79.5,residential,10,5.72,1985.86
1383,110.5,old_town,1,0.2,1602.82
1384,62.2,old_town,6,2.73,2753.87
1385,91.5,old_town,5,1.24,3029.38
1386,68.3,residential,9,5.43,2095.13
1387,54.3,university,5,6.23,2082.21
1388,70.5,old_town,2,1.78,3270.38
1389,48.2,residential,11,6.57,2537.95
1390,71.0,riverside,1,4.68,2386.07
1391,41.2,university,6,6.61,2466.47
1392,96.4,business,12,3.13,4998.0
1393,84.8,old_town,3,3.53,2054.2
1394,206.9,luxury_hills,1,7.3,31469.3
1395,76.9,suburb,3,9.58,2003.75
1396,77.7,suburb,10,17.4,1562.78
1397,42.0,university,1,1.06,1929.15
1398,57.3,riverside,7,5.62,4804.01
1399,101.9,green_zone,7,10.2,1882.45
1400,24.4,central,3,2.25,2856.73
1401,51.1,business,7,4.55,3399.14
1402,111.4,riverside,26,1.93,4284.96
1403,80.1,business,8,1.64,4611.21
1404,75.8,business,39,1.17,5104.88
1405,66.8,central,3,2.63,3354.63
1406,49.4,central,10,2.93,3556.12
1407,68.1,industrial,3,9.58,911.5
1408,134.7,residential,1,7.72,1151.78
1409,57.7,residential,13,6.26,1484.17
1410,100.2,residential,7,8.13,2480.16
1411,65.2,central,2,2.76,6355.6
1412,128.3,suburb,7,14.32,3101.92
1413,62.6,residential,12,6.8,1754.38
1414,79.4,riverside,7,4.83,4727.45
1415,82.1,business,11,3.73,3848.49
1416,102.5,suburb,12,13.66,2039.19
1417,78.8,old_town,8,3.71,1720.9
1418,27.4,university,8,1.43,3745.62
1419,89.3,old_town,7,3.38,3004.89
1420,76.7,business,13,3.96,5665.4
1421,64.0,university,6,2.88,1010.52
1422,40.2,university,11,4.37,1858.12
1423,49.7,old_town,2,2.72,2693.3
1424,82.3,riverside,13,4.41,1326.14
1425,76.8,residential,13,6.08,4035.75
1426,72.2,university,8,1.75,2952.86
1427,66.4,residential,5,8.72,2533.22
1428,122.9,suburb,17,13.74,1039.66
1429,81.2,residential,21,10.22,2210.58
1430,45.7,business,29,2.91,2192.81
1431,43.5,business,31,2.42,3316.09
1432,97.4,green_zone,1,7.04,3052.77
1433,64.6,green_zone,6,9.41,2901.34
1434,38.4,business,36,3.75,3374.78
1435,49.6,residential,9,3.84,4544.79
1436,42.9,university,14,2.52,2724.73
1437,29.5,industrial,10,11.8,350.0
1438,43.7,university,16,4.37,2585.93
1439,65.2,business,9,3.06,3055.59
1440,63.2,business,3,3.32,3584.95
1441,84.8,residential,5,6.99,1508.83
1442,38.9,university,8,5.3,2545.17
1443,67.8,riverside,7,6.71,3268.1
1444,118.6,old_town,8,3.36,3706.24
1445,68.8,old_town,3,3.21,3172.58
1446,89.2,business,20,3.23,2721.24
1447,31.2,university,10,2.24,5148.83
1448,23.2,suburb,10,17.02,653.6
1449,102.4,suburb,12,21.25,2347.09
1450,147.1,luxury_hills,3,14.49,14216.82
1451,40.3,industrial,12,8.42,1255.14
1452,88.6,luxury_hills,12,9.37,9707.2
1453,28.6,university,14,3.52,2570.35
1454,79.8,central,8,2.16,4297.17
1455,78.2,business,6,0.2,5296.13
1456,78.5,green_zone,10,9.26,1936.57
1457,67.7,riverside,8,4.47,2507.6
1458,61.4,industrial,10,9.76,3261.12
1459,95.9,industrial,14,7.64,2094.86
1460,77.0,suburb,8,13.15,2098.47
1461,33.0,industrial,6,10.93,350.0
1462,85.0,central,6,1.68,4788.07
1463,86.0,green_zone,3,7.72,1315.76
1464,112.4,suburb,6,9.45,3410.2
1465,83.6,green_zone,11,10.0,2061.19
1466,111.1,old_town,3,1.32,5752.68
1467,52.0,industrial,12,11.26,1132.0
1468,50.3,business,6,2.63,2724.78
1469,75.9,central,7,1.37,4713.6
1470,89.6,residential,6,7.86,3314.9
1471,95.7,residential,2,9.87,2578.82
1472,45.6,university,4,5.1,2158.68
1473,56.5,old_town,4,2.54,2950.02
1474,49.0,industrial,8,8.68,350.0
1475,81.2,green_zone,3,10.94,2315.92
1476,72.3,green_zone,20,6.74,2353.64
1477,50.7,university,6,2.94,4462.93
1478,164.3,suburb,1,13.28,1440.17
1479,105.9,suburb,10,12.8,2762.05
1480,92.5,green_zone,4,6.36,2630.02
1481,52.1,central,1,0.61,4596.68
1482,84.6,business,7,4.8,3128.61
1483,64.2,industrial,6,7.9,2086.76
1484,148.3,luxury_hills,10,3.96,27534.44
1485,113.7,suburb,14,14.7,3091.23
1486,52.9,central,11,1.57,4199.41
1487,74.4,residential,2,8.82,2559.02
1488,20.8,business,24,1.66,2846.27
1489,75.0,riverside,12,9.12,1641.46
1490,108.4,riverside,10,5.67,3032.3
1491,162.9,luxury_hills,24,9.67,22191.61
1492,66.8,residential,6,4.72,3279.82
1493,103.5,business,8,3.24,4039.0
1494,61.6,business,11,3.87,3286.64
1495,117.4,suburb,6,11.13,2162.2
1496,77.7,residential,10,5.29,3536.87
1497,51.4,university,9,5.78,2737.81
1498,137.5,suburb,8,7.77,2570.41
1499,62.9,residential,5,7.7,977.85
1500,59.4,university,7,7.78,1713.09
1501,38.5,riverside,12,5.36,2516.23
1502,97.7,suburb,15,8.84,1829.54
1503,47.0,industrial,14,13.31,557.89
1504,59.1,green_zone,3,6.44,1747.25
1505,51.3,business,6,1.75,2915.05
1506,30.5,university,16,5.25,3533.98
1507,66.2,suburb,2,13.53,2056.55
1508,73.8,old_town,1,1.82,3513.42
1509,39.6,industrial,8,10.09,2061.85
1510,43.7,suburb,12,11.38,2167.24
1511,39.6,university,12,1.98,2291.6
1512,64.9,old_town,3,2.17,2320.15
1513,76.6,industrial,15,10.94,1037.26
1514,63.6,suburb,4,13.16,2341.78
1515,33.6,university,3,5.38,2289.44
1516,72.9,central,7,2.32,4861.41
1517,89.1,riverside,12,8.17,3528.83
1518,51.9,industrial,12,10.08,916.92
1519,65.4,old_town,8,1.17,3479.14
1520,79.3,riverside,25,8.35,1999.5
1521,89.3,old_town,8,0.72,5709.67
1522,77.2,central,16,0.66,3971.12
1523,68.6,riverside,12,4.73,2902.12
1524,89.3,suburb,6,9.71,2681.69
1525,45.8,business,37,4.48,2804.97
1526,122.2,suburb,4,18.23,350.0
1527,43.7,university,14,4.71,1863.79
1528,64.3,residential,10,9.11,2374.21
1529,102.9,suburb,16,11.22,1866.23
1530,61.3,university,18,6.92,1525.16
1531,35.5,business,5,4.08,2657.44
1532,99.9,suburb,12,5.4,4992.43
1533,101.0,residential,11,11.91,2150.92
1534,75.5,business,19,2.3,5872.16
1535,100.3,business,12,3.22,2028.84
1536,53.6,university,18,8.01,2270.58
1537,48.7,riverside,11,2.53,3420.2
1538,58.9,residential,6,6.05,1780.71
1539,103.7,suburb,7,8.77,2094.98
1540,71.2,suburb,4,12.19,3807.73
1541,62.1,central,13,0.96,5900.0
1542,59.0,university,19,3.85,2943.44
1543,59.5,business,11,4.5,2847.33
1544,18.0,university,5,4.96,3289.7
1545,41.0,green_zone,6,7.32,2383.75
1546,66.2,business,5,1.75,5036.82
1547,95.5,residential,16,12.22,1884.41
1548,59.6,business,36,2.51,2948.75
1549,84.9,industrial,12,13.2,1761.19
1550,70.1,residential,9,7.01,1946.05
1551,64.7,suburb,8,11.61,1472.63
1552,47.6,residential,1,7.38,1978.37
1553,48.7,old_town,8,3.56,4052.27
1554,69.7,residential,2,9.63,1786.62
1555,89.9,central,6,0.89,6532.9
1556,130.3,old_town,8,1.1,2859.64
1557,72.7,old_town,3,2.28,2736.84
1558,31.0,suburb,6,11.91,996.93
1559,150.5,luxury_hills,15,8.95,15336.8
1560,85.5,riverside,11,8.97,3543.12
1561,77.1,business,19,3.26,4134.07
1562,76.4,business,3,1.94,3548.49
1563,74.5,industrial,11,11.96,1208.62
1564,113.5,residential,7,6.94,1400.7
1565,83.9,business,1,2.34,1577.74
1566,82.6,suburb,11,10.48,3022.8
1567,71.4,riverside,1,2.7,5340.18
1568,73.7,riverside,12,1.68,4312.39
1569,97.2,residential,15,10.68,2045.11
1570,31.5,industrial,6,14.06,654.46
1571,78.4,green_zone,9,11.9,3097.24
1572,69.3,residential,7,10.45,1460.83
1573,52.7,suburb,4,11.95,2312.02
1574,74.5,suburb,1,12.93,2451.2
1575,67.3,riverside,1,6.64,2915.87
1576,57.3,industrial,14,11.69,679.16
1577,49.1,suburb,6,11.67,1642.59
1578,74.5,industrial,15,7.84,1670.5
1579,73.3,central,31,1.31,7497.65
1580,39.9,residential,4,9.59,350.0
1581,65.1,business,21,1.78,4205.41
1582,68.3,business,18,2.04,4177.56
1583,161.7,luxury_hills,8,9.56,18043.09
1584,67.5,central,24,1.72,5131.06
1585,66.6,business,9,2.54,4252.12
1586,44.0,riverside,2,7.09,1765.75
1587,85.3,suburb,17,12.3,1597.7
1588,50.4,university,16,1.29,2825.25
1589,35.0,business,38,2.78,3836.48
1590,94.6,business,8,3.16,3809.68
1591,29.1,old_town,8,3.87,1631.35
1592,67.3,old_town,4,1.38,2297.05
1593,113.1,green_zone,10,7.43,4653.22
1594,55.0,university,2,4.27,2176.22
1595,34.5,industrial,16,7.44,774.94
1596,48.2,central,34,2.42,6860.9
1597,111.7,suburb,18,10.61,2083.12
1598,47.4,residential,12,7.55,2031.73
1599,50.0,suburb,5,10.85,1893.64
1600,60.5,university,2,3.46,1634.66
1601,102.3,suburb,12,9.01,3302.74
1602,114.0,suburb,10,12.77,4913.2
1603,66.1,suburb,18,12.57,1794.3
1604,69.9,riverside,14,5.35,2884.26
1605,90.6,green_zone,9,7.35,1845.14
1606,36.7,industrial,7,7.65,2071.11
1607,62.7,residential,10,11.37,2356.76
1608,26.8,university,1,4.54,3364.85
1609,72.6,business,2,3.05,6220.24
1610,81.9,riverside,6,2.65,2541.99
1611,58.1,suburb,9,11.18,2586.56
1612,98.7,residential,10,6.32,2023.59
1613,63.9,residential,12,7.91,1970.06
1614,62.5,residential,6,11.3,2166.78
1615,123.6,riverside,26,3.72,2573.74
1616,74.7,residential,9,8.67,1824.35
1617,56.1,old_town,4,3.19,2756.57
1618,62.6,university,10,4.49,2336.96
1619,57.6,residential,6,10.3,2181.09
1620,39.1,central,11,2.19,2604.57
1621,35.3,university,13,0.2,2669.4
1622,52.5,riverside,4,8.55,2458.59
1623,105.3,riverside,6,6.74,2729.62
1624,169.4,suburb,7,10.21,1417.48
1625,33.3,central,12,1.69,4394.04
1626,62.4,riverside,1,7.29,2386.76
1627,70.7,business,7,0.74,4315.45
1628,73.6,residential,5,6.49,4204.18
1629,30.0,central,5,1.96,3430.08
1630,81.7,green_zone,20,6.52,3381.09
1631,135.5,riverside,11,6.4,5596.61
1632,58.4,industrial,12,15.09,1002.56
1633,74.9,suburb,5,11.75,2226.13
1634,24.6,university,17,4.7,3800.85
1635,133.1,luxury_hills,10,8.2,13269.73
1636,30.0,business,1,2.53,4130.87
1637,66.7,riverside,2,8.64,3112.03
1638,216.8,luxury_hills,4,14.6,17926.51
1639,40.0,residential,12,7.49,3342.99
1640,53.1,old_town,4,0.21,3664.03
1641,70.4,central,7,1.52,2121.43
1642,41.6,residential,1,6.95,1667.8
1643,49.3,business,11,2.3,5844.19
1644,114.9,suburb,11,10.75,1603.81
1645,121.3,suburb,15,13.62,1634.33
1646,79.4,central,2,1.69,2317.29
1647,110.5,green_zone,7,8.21,3292.54
1648,59.1,business,4,3.57,3094.32
1649,65.4,residential,12,8.7,2262.48
1650,78.0,green_zone,16,7.4,3082.85
1651,50.3,central,28,1.75,5852.77
1652,122.9,suburb,11,15.4,1216.91
1653,50.8,industrial,12,12.03,1692.53
1654,68.7,suburb,12,9.62,3162.54
1655,59.6,industrial,10,10.3,1499.41
1656,104.9,green_zone,9,14.15,2115.43
1657,28.4,residential,4,3.54,2430.39
1658,85.1,suburb,12,9.55,2134.04
1659,85.8,luxury_hills,6,9.45,9577.72
1660,79.8,residential,7,5.44,3546.94
1661,49.8,residential,10,12.31,1749.08
1662,70.0,old_town,4,2.56,2452.81
1663,107.0,riverside,7,5.63,3843.01
1664,74.5,suburb,16,13.37,2058.35
1665,33.3,university,12,5.6,2068.78
1666,46.0,central,11,1.72,4503.24
1667,96.6,suburb,4,9.07,2386.31
1668,45.4,old_town,5,2.62,3048.15
1669,64.6,residential,6,10.07,2213.04
1670,56.3,old_town,8,3.33,2533.41
1671,55.8,business,7,2.51,2959.81
1672,59.6,industrial,14,7.14,864.81
1673,25.9,central,1,0.64,4650.85
1674,71.8,riverside,27,4.76,3723.43
1675,57.3,green_zone,17,7.32,2762.5
1676,71.6,business,33,1.94,3765.47
1677,86.3,business,11,0.34,6404.09
1678,58.4,residential,2,9.26,1458.08
1679,36.1,industrial,1,10.81,1422.44
1680,64.3,residential,13,6.95,1887.01
1681,31.0,university,1,5.4,2478.68
1682,104.7,residential,14,4.96,1541.94
1683,48.5,residential,6,11.51,1758.43
1684,80.4,residential,13,7.15,3759.11
1685,38.7,residential,3,7.45,2749.07
1686,162.2,green_zone,20,7.15,2228.7
1687,93.3,central,29,1.48,2648.69
1688,57.8,university,3,8.59,1680.58
1689,30.8,riverside,7,5.87,2812.66
1690,146.4,luxury_hills,12,5.84,25148.16
1691,57.4,riverside,27,6.88,3293.03
1692,43.1,central,29,1.5,4244.57
1693,55.0,suburb,3,11.91,1310.13
1694,32.6,university,17,8.34,3095.9
1695,113.8,residential,4,5.41,3275.87
1696,83.0,business,9,3.07,3566.09
1697,72.1,residential,4,4.38,1854.07
1698,36.3,university,8,6.84,2187.96
1699,22.9,residential,20,8.84,1475.55
1700,60.1,business,11,1.34,3745.31
1701,18.0,luxury_hills,11,8.13,3915.56
1702,110.8,riverside,11,6.41,4017.12
1703,63.8,business,11,2.49,4192.3
1704,35.5,university,5,8.41,2267.89
1705,72.5,university,12,5.05,2522.04
1706,114.4,green_zone,6,11.13,1281.0
1707,18.0,business,5,3.39,2804.83
1708,29.4,business,10,1.2,3923.35
1709,41.6,university,10,1.29,2753.0
1710,96.3,suburb,6,7.09,2621.68
1711,71.2,business,9,3.65,3969.03
1712,47.3,suburb,17,10.42,2115.95
1713,35.1,industrial,2,11.12,1683.64
1714,79.6,green_zone,16,8.12,2558.71
1715,37.6,university,4,2.63,2443.41
1716,46.7,riverside,8,4.26,3582.52
1717,69.3,business,17,3.02,3933.38
1718,91.1,suburb,14,12.05,2803.53
1719,73.2,business,12,3.2,3767.09
1720,42.8,suburb,4,6.7,2734.14
1721,71.1,residential,5,8.09,2434.4
1722,100.5,suburb,2,9.77,1883.77
1723,88.1,suburb,3,15.08,760.63
1724,116.0,suburb,11,7.92,2315.78
1725,77.7,residential,16,2.27,1603.45
1726,98.2,riverside,11,7.34,5341.95
1727,83.7,central,25,1.05,7227.61
1728,68.9,residential,9,6.08,4357.92
1729,91.7,suburb,17,15.95,1615.63
1730,70.6,riverside,24,7.94,3011.57
1731,93.6,suburb,11,6.14,1888.65
1732,55.2,industrial,10,7.51,1933.19
1733,91.1,luxury_hills,8,10.43,12671.76
1734,138.4,suburb,12,12.63,906.13
1735,55.2,old_town,8,2.61,2481.04
1736,71.1,suburb,8,18.41,2738.07
1737,95.5,suburb,7,12.72,3007.24
1738,131.9,luxury_hills,2,9.44,15699.55
1739,49.6,university,11,2.12,2604.66
1740,56.8,residential,15,5.28,1684.44
1741,121.1,suburb,1,14.69,1514.15
1742,29.2,residential,3,4.71,2298.37
1743,49.2,residential,22,8.3,2265.63
1744,57.8,residential,7,9.46,1370.91
1745,58.1,green_zone,20,9.61,1794.5
1746,48.3,central,31,0.79,5933.86
1747,73.1,industrial,14,7.84,1684.32
1748,88.4,residential,18,6.97,2950.9
1749,18.0,university,7,4.33,3377.65
1750,64.0,suburb,4,13.96,1260.84
1751,65.5,residential,7,6.62,3112.96
1752,75.3,business,8,4.27,3037.02
1753,60.0,suburb,8,8.96,1321.79
1754,73.0,green_zone,3,7.08,3183.65
1755,62.7,old_town,7,2.81,1870.26
1756,70.2,suburb,6,7.43,2160.4
1757,71.8,business,35,3.17,3519.82
1758,74.4,residential,6,6.12,2555.86
1759,79.2,riverside,5,5.17,4404.48
1760,122.5,suburb,5,15.5,2160.44
1761,46.5,riverside,9,7.48,1945.2
1762,89.2,residential,13,10.32,1133.99
1763,68.4,central,3,1.71,4978.52
1764,32.3,riverside,14,3.98,3084.5
1765,150.4,suburb,11,11.69,1792.85
1766,84.1,residential,4,3.3,2545.09
1767,54.0,industrial,3,13.39,1137.33
1768,49.2,residential,3,10.73,1765.16
1769,124.7,residential,1,5.37,4071.34
1770,100.0,suburb,12,10.71,2051.68
1771,47.5,university,4,2.92,3054.65
1772,40.6,university,13,3.72,2902.11
1773,84.9,riverside,17,8.09,1954.52
1774,77.0,industrial,12,9.34,1608.23
1775,99.8,green_zone,3,6.71,2594.49
1776,33.4,central,7,1.95,1833.85
1777,68.5,green_zone,6,5.36,2691.41
1778,102.8,residential,20,7.25,2230.31
1779,40.9,industrial,7,8.64,972.4
1780,73.9,green_zone,7,7.21,1924.74
1781,18.0,university,19,6.46,1856.95
1782,59.6,central,5,0.34,3929.26
1783,75.8,riverside,11,6.98,2723.84
1784,60.8,luxury_hills,9,9.54,6072.22
1785,48.4,residential,14,6.06,3070.63
1786,62.3,suburb,15,12.92,1642.56
1787,30.4,central,16,1.89,3599.53
1788,72.1,residential,9,5.59,1888.53
1789,102.1,residential,12,8.75,2717.33
1790,60.8,industrial,1,10.33,1171.2
1791,33.4,university,15,1.36,2533.15
1792,78.7,residential,1,7.97,2745.09
1793,54.0,residential,16,3.51,1088.04
1794,67.1,riverside,30,4.2,2854.31
1795,75.0,suburb,8,14.31,1424.51
1796,49.8,residential,10,9.85,2349.97
1797,71.9,residential,9,8.32,2716.52
1798,71.7,business,12,1.81,8070.92
1799,100.8,luxury_hills,1,9.64,10905.75
1800,18.0,central,3,2.76,4485.63
1801,55.9,central,10,1.0,1982.08
1802,69.1,industrial,9,13.31,1449.84
1803,70.8,residential,14,4.54,2558.8
1804,126.8,luxury_hills,7,7.72,14335.89
1805,100.1,old_town,1,3.14,2844.31
1806,90.0,riverside,4,5.51,2911.31
1807,77.1,riverside,4,11.19,3068.7
1808,63.9,central,22,1.79,5673.87
1809,93.7,riverside,6,7.86,3712.56
1810,35.1,central,13,1.21,6940.18
1811,34.9,residential,13,6.66,1254.21
1812,42.5,business,38,3.99,2430.65
1813,96.9,residential,12,5.83,1638.26
1814,66.9,industrial,1,10.56,3152.53
1815,88.9,luxury_hills,1,8.17,8629.92
1816,162.7,suburb,3,9.15,3261.57
1817,75.8,old_town,4,3.24,2351.34
1818,109.7,green_zone,2,7.79,7999.79
1819,50.7,industrial,3,8.04,1464.15
1820,27.1,central,12,0.2,4195.4
1821,55.8,central,10,1.25,6266.25
1822,62.6,university,3,4.2,2046.77
1823,80.7,riverside,4,7.35,3334.33
1824,41.2,industrial,1,9.0,1715.81
1825,67.8,university,13,6.49,2439.27
1826,63.1,business,6,2.22,2901.76
1827,66.3,suburb,10,10.1,2381.48
1828,57.0,business,28,2.57,3300.75
1829,45.3,university,6,0.2,2667.91
1830,59.5,business,8,3.65,3477.11
1831,24.1,university,6,3.51,2449.86
1832,67.0,industrial,4,7.87,1138.62
1833,75.0,residential,12,6.28,2454.09
1834,106.5,luxury_hills,9,11.66,9051.95
1835,45.7,university,4,4.12,2464.55
1836,61.4,green_zone,20,9.08,3271.08
1837,108.6,green_zone,12,6.33,1894.26
1838,105.0,residential,18,7.14,1210.84
1839,51.8,central,17,0.7,4176.0
1840,131.4,green_zone,15,7.95,4852.31
1841,61.7,business,6,2.88,9223.6
1842,43.7,university,12,5.67,3261.19
1843,18.0,university,12,3.7,2960.47
1844,76.6,business,6,4.14,3287.35
1845,73.4,business,7,1.65,3702.91
1846,45.5,riverside,8,6.68,2578.79
1847,68.8,green_zone,6,9.59,1795.48
1848,42.5,central,10,2.37,2517.55
1849,61.2,suburb,3,7.78,2694.92
1850,73.3,riverside,28,2.42,3041.92
1851,85.0,business,34,3.8,4296.96
1852,66.2,residential,4,6.98,2616.34
1853,48.0,industrial,2,11.28,821.25
1854,83.3,green_zone,4,2.81,3950.57
1855,158.4,suburb,11,14.11,1369.19
1856,53.2,industrial,9,9.65,1367.07
1857,72.7,residential,17,5.54,2305.05
1858,94.1,old_town,5,2.11,9769.76
1859,66.3,green_zone,9,3.04,2182.23
1860,76.4,suburb,17,6.78,2140.87
1861,50.5,residential,4,8.55,1840.67
1862,48.3,suburb,15,12.18,1899.67
1863,72.2,residential,5,11.63,2679.03
1864,98.2,green_zone,17,6.6,2051.51
1865,58.9,industrial,9,7.24,614.18
1866,54.9,university,1,4.34,2553.98
1867,75.1,central,5,2.35,4443.82
1868,52.3,central,12,3.23,3820.4
1869,69.5,residential,11,7.48,2597.17
1870,65.0,residential,15,4.14,2971.6
1871,72.7,industrial,12,9.11,709.82
1872,75.0,business,1,2.03,2055.87
1873,82.4,riverside,9,2.91,3934.49
1874,45.8,business,5,3.31,2388.01
1875,40.7,industrial,2,12.35,1587.2
1876,71.0,business,30,3.27,2305.77
1877,92.8,old_town,3,3.75,2334.71
1878,70.2,residential,3,4.06,1890.65
1879,120.2,suburb,14,14.28,1931.33
1880,74.2,university,2,3.33,2267.75
1881,95.8,residential,10,10.51,3155.1
1882,52.5,green_zone,6,5.68,4304.23
1883,88.1,business,6,3.62,2335.34
1884,78.0,riverside,27,6.64,3555.04
1885,48.6,residential,21,9.22,2132.48
1886,97.1,green_zone,6,8.58,2305.6
1887,44.2,industrial,10,11.05,1100.86
1888,62.9,central,35,1.06,6626.74
1889,130.3,residential,8,7.97,1251.87
1890,43.1,university,7,4.48,2820.25
1891,32.9,university,11,7.22,4989.58
1892,55.7,university,4,6.55,3080.95
1893,136.2,green_zone,4,3.08,4480.55
1894,62.9,business,13,2.56,2884.58
1895,53.8,residential,8,3.73,1761.77
1896,144.6,old_town,1,3.43,2580.5
1897,111.4,residential,6,7.84,3496.01
1898,62.8,suburb,5,13.32,2346.71
1899,186.6,luxury_hills,3,9.47,20943.65
1900,44.5,central,8,1.26,2351.37
1901,48.1,industrial,8,12.04,685.93
1902,42.7,university,3,7.04,2204.07
1903,67.5,residential,4,8.6,2237.96
1904,18.0,university,9,7.02,2324.49
1905,103.4,suburb,12,15.17,2216.53
1906,56.7,industrial,12,9.54,1783.7
1907,88.1,old_town,8,3.37,5440.0
1908,55.9,riverside,8,6.0,4379.32
1909,56.9,business,3,5.38,1993.12
1910,30.7,central,3,2.63,3671.97
1911,75.9,old_town,4,2.98,3039.47
1912,73.3,residential,2,4.99,2598.58
1913,46.8,business,3,3.24,3657.43
1914,128.3,old_town,8,1.49,2386.17
1915,78.7,central,1,1.92,3719.86
1916,61.2,old_town,2,3.32,2306.59
1917,59.3,suburb,7,7.29,1625.76
1918,75.5,residential,11,9.58,1754.88
1919,125.5,suburb,12,14.6,1334.44
1920,65.0,residential,1,5.54,1247.38
1921,65.8,riverside,5,7.9,4013.76
1922,24.6,business,2,1.99,2710.89
1923,32.1,residential,7,5.96,2554.42
1924,75.8,riverside,6,7.13,2207.68
1925,102.1,old_town,2,0.5,2027.71
1926,61.0,business,12,3.49,3729.94
1927,70.6,central,12,0.97,5175.74
1928,35.1,business,1,4.19,4121.89
1929,103.0,suburb,14,10.37,888.01
1930,105.7,suburb,13,10.68,2428.97
1931,102.5,riverside,10,4.76,2206.83
1932,117.3,luxury_hills,18,13.09,12180.65
1933,18.0,university,7,6.84,5236.45
1934,91.5,old_town,4,2.89,3523.08
1935,42.8,university,14,5.88,1847.87
1936,72.2,business,26,2.59,4069.85
1937,41.4,green_zone,16,10.2,1501.92
1938,112.2,suburb,1,9.98,1876.2
1939,73.8,residential,5,5.55,1433.7
1940,61.5,riverside,7,5.83,1973.51
1941,128.8,suburb,3,11.12,1988.28
1942,74.4,residential,18,11.93,2280.26
1943,18.5,central,5,1.61,2875.8
1944,36.4,business,4,3.08,3124.39
1945,50.8,suburb,12,14.66,1703.95
1946,43.9,residential,11,7.41,1672.02
1947,43.3,industrial,2,8.99,1776.45
1948,117.9,suburb,6,9.1,4787.08
1949,61.3,green_zone,8,8.38,2549.72
1950,121.3,suburb,2,10.44,1112.69
1951,91.4,business,5,2.22,3908.49
1952,110.0,green_zone,11,13.04,3794.54
1953,71.1,green_zone,4,5.35,2740.57
1954,35.1,central,30,1.7,4831.68
1955,45.3,old_town,7,1.75,3502.13
1956,71.3,central,4,0.49,6518.36
1957,54.6,university,17,3.82,2974.76
1958,79.4,suburb,15,14.07,2830.25
1959,75.4,university,6,5.25,895.5
1960,35.8,central,7,0.64,3879.35
1961,77.0,riverside,2,7.86,1681.73
1962,71.1,residential,11,10.34,1462.11
1963,49.2,university,1,4.04,2109.28
1964,58.4,university,17,3.93,1952.29
1965,64.6,riverside,7,6.46,2137.09
1966,47.1,industrial,8,10.18,1723.47
1967,86.7,riverside,22,5.67,4712.42
1968,42.7,green_zone,17,10.54,2219.67
1969,113.0,residential,12,10.2,2771.36
1970,104.6,riverside,10,5.86,5131.07
1971,32.1,residential,5,7.85,2191.59
1972,69.5,green_zone,1,7.52,2142.73
1973,68.1,residential,10,9.88,2486.39
1974,97.8,residential,10,4.72,3396.85
1975,90.8,residential,8,8.79,3701.58
1976,18.0,old_town,1,2.48,2710.69
1977,95.5,business,3,1.4,4794.69
1978,84.4,riverside,16,4.8,3849.6
1979,102.9,suburb,7,6.59,1654.44
1980,93.9,suburb,12,7.94,2870.2
1981,120.2,residential,1,6.97,5082.68
1982,69.2,industrial,12,10.94,966.76
1983,71.7,residential,1,8.19,4956.68
1984,18.0,university,12,4.41,2732.44
1985,82.6,residential,8,6.52,2778.1
1986,94.6,residential,7,7.13,3382.54
1987,38.3,residential,12,7.77,1948.88
1988,64.6,central,24,0.75,4069.13
1989,69.0,riverside,12,7.45,1631.39
1990,38.5,university,12,5.1,2873.48
1991,62.9,residential,2,7.54,1088.84
1992,36.5,central,12,1.78,4011.39
1993,65.9,business,32,5.09,3555.6
1994,40.7,university,20,6.72,2295.63
1995,46.9,central,9,2.48,2505.05
1996,77.8,green_zone,2,8.21,4073.31
1997,54.7,business,11,4.16,4025.43
1998,60.1,suburb,1,10.3,1989.76
1999,45.5,green_zone,2,6.11,2475.12
2000,39.2,central,1,1.59,3149.47
2001,84.4,residential,4,10.76,1615.42
2002,48.6,business,23,1.11,3709.6
2003,60.8,residential,3,7.0,7042.33
2004,60.5,residential,11,3.86,2237.46
2005,26.6,industrial,4,5.6,2027.74
2006,81.7,business,10,3.82,5176.51
2007,120.0,suburb,12,4.59,4764.04
2008,40.1,university,9,4.17,1216.12
2009,104.5,residential,22,3.5,2963.79
2010,91.0,riverside,24,5.73,3765.82
2011,102.7,residential,8,7.57,2081.65
2012,30.6,university,9,5.27,4109.79
2013,75.5,central,11,0.71,3904.9
2014,33.9,residential,2,8.33,1948.85
2015,60.9,industrial,4,11.65,2110.75
2016,79.3,suburb,12,12.86,2113.2
2017,59.7,riverside,21,6.46,2279.9
2018,101.8,old_town,7,1.54,2721.55
2019,40.8,university,18,2.69,3008.13
2020,49.9,university,5,5.86,2413.79
2021,101.9,riverside,12,7.28,3506.42
2022,89.3,riverside,16,3.96,2960.3
2023,38.1,residential,20,11.95,1397.35
2024,90.4,central,7,2.16,2915.83
2025,49.1,university,8,1.99,1678.03
2026,58.3,industrial,14,6.73,1398.54
2027,49.8,business,12,1.39,2657.14
2028,34.1,university,10,3.91,3338.2
2029,149.4,luxury_hills,9,7.61,13246.5
2030,77.7,residential,6,9.14,2829.88
2031,50.2,business,20,1.37,4781.37
2032,188.3,luxury_hills,20,11.0,17235.76
2033,113.8,riverside,13,6.34,2290.8
2034,47.0,residential,3,6.15,2643.16
2035,36.3,residential,7,7.68,1960.07
2036,32.8,business,4,3.39,2925.16
2037,73.5,business,6,3.25,4572.99
2038,78.2,green_zone,4,7.93,6953.77
2039,76.5,green_zone,6,7.69,3337.65
2040,57.2,central,28,3.28,11514.12
2041,95.7,industrial,3,7.2,1901.37
2042,135.2,suburb,12,5.28,4614.61
2043,19.5,residential,19,10.35,1644.81
2044,31.9,residential,17,7.68,1867.85
2045,92.1,old_town,7,2.27,3313.35
2046,68.2,riverside,25,3.85,3642.97
2047,69.9,central,2,0.2,3158.22
2048,81.3,suburb,3,9.85,3391.97
2049,22.1,residential,2,4.45,989.64
2050,121.8,riverside,21,4.85,3257.73
2051,55.7,residential,2,8.57,2156.6
2052,28.0,suburb,3,10.1,1187.0
2053,33.0,university,10,3.01,4039.91
2054,89.4,suburb,17,12.32,1994.26
2055,52.0,suburb,4,15.52,2368.31
2056,55.1,business,25,3.62,3623.89
2057,86.0,central,12,0.43,9177.68
2058,131.4,suburb,7,10.3,1066.43
2059,76.6,residential,3,5.77,2663.67
2060,75.3,riverside,2,4.16,3881.39
2061,55.5,old_town,5,2.99,2064.07
2062,19.6,residential,8,10.93,1630.18
2063,47.5,university,8,5.46,1871.2
2064,42.5,business,2,1.99,3525.7
2065,66.2,central,13,0.84,2565.76
2066,46.9,university,12,2.66,1786.97
2067,48.6,university,3,5.34,3160.45
2068,81.9,suburb,4,15.05,2158.62
2069,42.8,residential,12,7.09,2025.81
2070,64.6,university,10,4.64,1589.11
2071,104.8,old_town,1,1.62,4984.73
2072,19.7,riverside,7,5.98,2632.56
2073,58.2,green_zone,19,6.68,3576.44
2074,40.9,university,6,2.12,2222.39
2075,18.0,suburb,10,13.43,2500.42
2076,59.9,central,12,0.46,5702.33
2077,55.7,central,5,0.2,3445.58
2078,106.5,suburb,4,9.86,2333.28
2079,35.4,central,3,0.67,3786.99
2080,93.9,green_zone,2,11.1,1381.63
2081,44.8,central,1,2.64,3182.87
2082,124.3,suburb,14,13.99,350.0
2083,72.9,old_town,3,2.02,3479.28
2084,113.2,green_zone,3,7.86,1147.85
2085,109.8,suburb,3,15.25,2012.32
2086,35.3,residential,9,4.38,3700.82
2087,57.4,central,8,0.2,4646.14
2088,80.2,industrial,16,12.49,2737.55
2089,67.4,residential,19,4.01,2189.58
2090,185.2,luxury_hills,4,4.84,25150.69
2091,131.2,suburb,8,11.78,1369.14
2092,141.1,luxury_hills,10,9.69,15134.2
2093,80.4,suburb,7,8.7,2349.2
2094,53.2,central,11,2.02,5282.96
2095,78.2,riverside,12,6.22,3158.06
2096,50.8,central,1,1.82,3688.69
2097,61.4,industrial,16,11.48,1340.12
2098,72.7,central,11,1.25,3715.67
2099,87.9,business,3,2.22,5001.26
2100,51.5,suburb,3,13.9,1807.47
2101,53.9,industrial,9,7.9,356.52
2102,125.1,residential,11,7.81,983.87
2103,48.1,residential,12,5.79,3058.3
2104,85.6,green_zone,13,6.06,3176.5
2105,78.0,green_zone,8,7.03,3527.6
2106,40.9,central,14,1.26,3984.85
2107,49.6,old_town,2,3.19,2914.17
2108,66.7,business,33,2.98,3140.51
2109,50.9,university,16,5.05,2581.5
2110,63.7,university,19,4.68,1738.43
2111,70.4,old_town,7,0.89,4270.6
2112,105.4,old_town,5,4.1,2494.96
2113,122.1,suburb,11,16.71,2989.82
2114,141.1,suburb,10,10.85,2461.31
2115,61.5,riverside,2,6.36,2834.23
2116,51.2,central,6,2.48,4904.86
2117,83.4,suburb,4,16.48,1828.5
2118,80.3,old_town,7,1.52,2840.79
2119,94.2,green_zone,11,7.56,3686.63
2120,28.7,central,6,0.92,2042.63
2121,46.1,residential,21,5.62,1442.47
2122,65.5,central,3,1.72,4234.67
2123,70.1,old_town,2,4.03,3316.4
2124,82.7,suburb,9,13.91,1852.85
2125,79.7,residential,17,9.85,1567.41
2126,79.7,residential,7,3.14,2873.87
2127,38.9,old_town,4,0.2,4052.48
2128,121.2,residential,1,13.26,1359.73
2129,114.8,green_zone,7,10.15,1274.78
2130,69.9,suburb,15,15.58,1572.61
2131,44.6,central,12,1.42,5110.53
2132,52.9,riverside,15,6.02,2471.21
2133,50.2,central,6,1.71,5785.86
2134,59.3,suburb,5,11.77,1681.03
2135,56.3,industrial,2,11.95,1483.58
2136,46.3,central,14,1.12,4318.87
2137,117.7,residential,11,5.04,2337.96
2138,82.6,riverside,3,5.79,5366.49
2139,51.1,suburb,3,16.75,1950.96
2140,76.1,university,9,4.1,2868.32
2141,82.1,business,12,2.92,3361.7
2142,73.8,green_zone,5,11.78,1906.17
2143,25.1,residential,1,8.44,2548.22
2144,77.3,residential,11,6.69,2631.91
2145,94.3,suburb,14,12.89,2033.64
2146,114.2,old_town,4,3.66,3119.15
2147,60.0,university,1,2.85,2138.6
2148,47.7,industrial,15,11.38,1093.21
2149,63.0,business,12,3.62,2929.0
2150,43.6,old_town,1,2.5,2032.07
2151,71.4,riverside,24,8.92,3297.03
2152,48.0,university,13,4.57,2160.06
2153,47.6,old_town,8,1.92,1829.14
2154,32.9,business,3,1.57,3794.62
2155,115.3,business,2,2.5,3585.69
2156,78.4,suburb,14,15.37,1642.39
2157,74.9,riverside,9,7.39,2772.41
2158,78.7,central,11,0.9,5232.26
2159,62.5,residential,18,6.97,1747.07
2160,31.8,university,17,4.62,2948.28
2161,55.8,residential,9,11.45,1874.89
2162,30.1,green_zone,19,6.57,2023.02
2163,50.3,residential,5,7.9,1563.63
2164,107.8,residential,2,7.28,787.75
2165,77.6,riverside,5,5.47,2314.34
2166,83.4,green_zone,5,4.29,2326.42
2167,42.8,central,27,1.67,5377.47
2168,107.0,suburb,15,13.68,2058.32
2169,72.8,suburb,3,13.92,2256.02
2170,64.5,industrial,13,12.94,2105.5
2171,51.6,old_town,6,4.34,2876.54
2172,25.3,old_town,1,1.23,2101.73
2173,58.6,university,17,5.72,2305.07
2174,72.1,business,4,3.47,2348.5
2175,69.8,central,34,1.59,3282.43
2176,82.6,industrial,6,10.44,1022.72
2177,69.4,green_zone,15,4.22,1973.05
2178,86.5,old_town,3,3.1,3598.9
2179,62.6,suburb,12,13.92,831.07
2180,88.6,residential,3,6.01,2994.79
2181,119.8,residential,2,6.01,2570.8
2182,183.9,luxury_hills,2,10.09,13438.51
2183,82.8,suburb,2,8.47,1695.02
2184,51.4,residential,1,6.39,2416.55
2185,81.6,industrial,8,13.0,1438.35
2186,103.7,residential,16,5.89,3276.23
2187,84.6,industrial,14,7.02,1575.57
2188,40.8,industrial,3,10.35,889.34
2189,93.1,industrial,9,8.86,1796.45
2190,38.2,green_zone,7,7.48,1973.77
2191,55.8,industrial,10,12.4,1128.27
2192,50.1,central,4,1.71,3001.19
2193,83.2,luxury_hills,12,5.79,9139.22
2194,28.2,central,12,1.63,4949.87
2195,80.3,green_zone,6,5.76,1665.95
2196,104.8,residential,12,7.41,2737.15
2197,40.7,business,10,2.14,4496.45
2198,44.8,riverside,17,3.25,2136.2
2199,73.8,suburb,9,11.7,1747.58
2200,87.8,old_town,7,0.9,1691.62
2201,56.8,central,10,0.2,4785.43
2202,58.5,business,12,2.58,2960.61
2203,26.1,riverside,26,3.93,2625.7
2204,55.5,industrial,6,15.49,1221.38
2205,66.2,luxury_hills,8,10.59,8654.03
2206,95.0,suburb,13,14.8,1863.72
2207,94.7,business,12,2.62,1618.85
2208,85.9,old_town,6,1.77,3900.92
2209,107.1,luxury_hills,11,15.93,10761.78
2210,47.9,industrial,10,10.93,478.69
2211,80.7,business,3,2.05,3663.38
2212,64.9,old_town,7,1.47,2853.81
2213,34.1,residential,9,8.35,1720.24
2214,18.0,residential,19,9.63,1857.04
2215,29.3,university,17,0.56,6206.97
2216,51.7,central,5,0.89,3410.94
2217,59.4,green_zone,2,1.26,1969.41
2218,44.3,riverside,11,6.69,3225.77
2219,49.7,central,11,0.2,11994.38
2220,48.3,business,24,3.56,2928.95
2221,93.7,green_zone,2,12.0,2615.72
2222,85.2,riverside,4,5.1,3698.99
2223,78.8,residential,3,7.36,2179.42
2224,88.8,suburb,10,11.85,5012.93
2225,70.2,luxury_hills,2,10.44,7018.01
2226,85.7,residential,12,2.4,3481.34
2227,58.8,industrial,7,11.37,704.85
2228,45.3,industrial,16,10.19,1584.21
2229,97.0,residential,4,9.04,3124.67
2230,65.1,residential,12,6.49,2184.48
2231,95.6,luxury_hills,7,10.35,8404.31
2232,18.0,green_zone,4,5.82,1573.8
2233,61.2,university,1,8.64,1755.58
2234,78.7,suburb,7,15.13,1534.96
2235,58.8,business,11,2.61,3807.45
2236,86.2,luxury_hills,3,9.75,11125.13
2237,18.0,university,14,3.8,5087.42
2238,85.4,suburb,17,13.96,2295.39
2239,101.6,suburb,12,14.9,1764.78
2240,67.5,old_town,5,3.53,2840.11
2241,87.1,suburb,11,9.99,1421.67
2242,68.3,central,10,1.25,5165.77
2243,22.1,university,1,3.18,2843.18
2244,43.2,industrial,1,11.08,1722.98
2245,99.1,old_town,8,4.05,2860.0
2246,43.5,green_zone,3,9.42,2568.25
2247,41.1,suburb,1,13.96,1126.45
2248,71.6,business,9,3.98,3160.68
2249,74.5,suburb,17,15.11,2206.68
2250,89.2,old_town,3,1.19,2277.04
2251,89.7,riverside,30,4.71,2755.28
2252,51.1,old_town,3,3.27,3761.03
2253,84.5,central,10,1.75,3463.99
2254,75.5,residential,8,7.3,1590.71
2255,60.8,university,16,4.12,3798.05
2256,40.1,residential,13,6.91,1248.1
2257,57.4,riverside,4,6.72,3355.54
2258,64.6,old_town,6,0.2,2394.94
2259,18.0,residential,2,7.88,1992.44
2260,62.3,central,8,0.81,5089.77
2261,107.6,suburb,2,13.56,2533.72
2262,41.8,residential,9,5.05,2508.49
2263,49.2,university,1,7.21,1582.99
2264,120.7,suburb,13,14.74,2540.18
2265,90.4,business,20,3.45,3778.62
2266,76.9,business,6,3.61,3362.42
2267,49.9,university,2,5.76,2365.81
2268,73.2,residential,14,9.51,3034.11
2269,98.5,suburb,17,16.06,2891.6
2270,74.2,residential,4,4.28,2316.94
2271,84.5,business,12,1.44,984.11
2272,92.0,residential,3,7.45,1484.8
2273,59.1,university,9,4.32,2337.82
2274,109.4,suburb,12,15.88,1185.5
2275,117.7,old_town,4,1.87,3482.74
2276,112.5,luxury_hills,3,6.63,13258.2
2277,49.3,university,12,7.06,2741.02
2278,52.0,old_town,3,3.0,2709.61
2279,87.5,old_town,8,0.94,3139.87
2280,55.0,university,10,3.14,2719.95
2281,98.4,old_town,7,2.37,2087.04
2282,76.2,residential,12,6.86,4028.57
2283,45.4,university,10,4.14,1581.54
2284,83.8,riverside,25,5.33,1391.07
2285,78.2,business,6,3.38,3442.42
2286,62.5,green_zone,8,5.87,2470.93
2287,66.7,central,9,1.46,3134.54
2288,88.1,central,4,1.38,3430.96
2289,28.5,central,19,1.57,4621.52
2290,38.0,industrial,2,11.34,1391.0
2291,93.8,university,9,6.41,1359.5
2292,46.7,university,13,4.69,2707.86
2293,72.9,central,12,1.5,5316.88
2294,48.0,residential,14,6.56,2162.12
2295,77.3,green_zone,7,10.82,2188.92
2296,106.6,riverside,10,5.99,3078.92
2297,81.3,riverside,4,5.45,2642.89
2298,34.3,business,5,2.53,2632.41
2299,30.6,university,12,5.93,4148.95
2300,54.3,university,5,1.18,1681.07
2301,66.5,business,20,2.24,3461.09
2302,23.4,central,11,1.7,2556.13
2303,24.0,business,7,3.72,3432.66
2304,59.4,business,10,2.51,6345.94
2305,57.1,suburb,10,12.34,2173.11
2306,28.9,suburb,6,8.2,3427.68
2307,58.3,university,3,2.74,2994.28
2308,46.7,university,6,6.68,2239.95
2309,64.6,industrial,13,10.22,964.35
2310,85.6,suburb,12,8.7,1376.87
2311,44.7,green_zone,16,9.75,1716.4
2312,118.7,suburb,8,12.57,2352.78
2313,75.1,suburb,9,12.06,2055.15
2314,35.1,university,7,3.19,2830.71
2315,33.3,industrial,13,4.66,1899.29
2316,77.5,riverside,6,7.05,2603.44
2317,86.7,business,8,3.41,2508.21
2318,96.5,old_town,3,2.36,4504.38
2319,91.7,suburb,4,16.79,5189.4
2320,69.4,residential,12,5.47,3057.55
2321,119.7,residential,4,4.24,2391.55
2322,56.3,central,27,0.72,4315.25
2323,59.2,central,22,1.72,3502.73
2324,39.9,university,4,6.07,2507.68
2325,68.0,industrial,14,8.06,1638.69
2326,50.9,residential,12,10.94,1136.07
2327,79.4,suburb,8,10.77,1582.89
2328,84.8,riverside,5,6.31,1448.33
2329,70.8,central,1,1.71,4089.87
2330,57.7,residential,20,4.53,2347.76
2331,50.6,university,2,0.89,2431.67
2332,70.7,residential,11,9.91,2040.73
2333,66.7,green_zone,12,10.02,2470.37
2334,64.7,suburb,6,13.34,2141.35
2335,66.4,central,12,2.07,5236.17
2336,42.3,suburb,11,9.91,1796.27
2337,18.0,old_town,2,2.96,3392.57
2338,43.7,business,30,1.4,4655.29
2339,96.8,old_town,4,3.84,4152.18
2340,70.1,business,1,3.03,3289.78
2341,121.1,suburb,3,15.09,1573.9
2342,98.9,residential,8,7.21,5187.82
2343,33.4,riverside,26,2.97,2905.26
2344,36.5,university,10,3.03,1967.31
2345,61.6,residential,7,9.85,1965.66
2346,71.4,old_town,7,3.42,5184.3
2347,38.6,industrial,9,12.37,954.93
2348,51.9,residential,3,7.36,2021.79
2349,39.8,residential,16,7.65,2342.85
2350,75.1,university,18,5.71,2631.24
2351,69.4,business,4,2.99,3727.4
2352,41.7,industrial,10,12.36,1137.17
2353,37.6,university,15,6.47,1759.04
2354,51.8,industrial,5,11.19,1578.64
2355,45.0,university,14,4.61,2186.69
2356,69.9,green_zone,2,6.97,3822.97
2357,73.5,university,12,2.47,4494.94
2358,57.0,business,6,3.63,7703.34
2359,50.2,university,3,4.06,2002.95
2360,128.1,green_zone,9,11.54,2453.52
2361,32.1,university,1,5.35,3111.62
2362,86.2,residential,8,6.84,1835.71
2363,42.4,university,3,1.27,3479.17
2364,74.8,residential,9,7.33,1385.88
2365,70.1,university,15,5.34,2229.32
2366,22.9,suburb,5,15.04,1576.97
2367,95.7,suburb,14,15.68,1639.1
2368,87.1,green_zone,1,8.61,2063.2
2369,158.6,green_zone,1,10.42,1694.74
2370,130.9,residential,1,7.97,2262.06
2371,18.0,residential,19,12.04,1505.06
2372,65.5,industrial,9,7.56,1752.69
2373,110.7,residential,1,6.74,2465.65
2374,59.9,central,7,1.69,3395.29
2375,59.3,industrial,7,11.42,1449.34
2376,120.4,suburb,3,17.44,350.0
2377,63.3,suburb,4,14.38,2281.62
2378,116.6,green_zone,1,5.92,2483.95
2379,108.7,suburb,12,13.17,2455.93
2380,43.7,central,3,0.2,1640.21
2381,49.5,industrial,14,9.62,355.2
2382,32.5,university,3,5.97,2705.33
2383,50.0,central,3,1.86,3591.22
2384,37.3,central,27,2.11,3984.57
2385,94.7,old_town,8,4.17,2750.84
2386,83.4,central,17,1.4,4215.0
2387,40.8,old_town,1,2.51,2667.07
2388,105.4,suburb,15,5.61,2287.69
2389,32.9,riverside,2,4.62,3666.54
2390,81.8,suburb,12,8.42,1374.62
2391,44.5,business,10,5.88,1546.42
2392,48.7,university,3,1.4,2166.49
2393,36.0,central,23,0.49,4412.06
2394,45.1,green_zone,10,7.23,1541.35
2395,54.9,residential,2,4.63,1064.31
2396,53.6,central,8,1.12,3961.41
2397,33.0,university,4,5.53,3983.08
2398,95.0,residential,2,7.66,1855.89
2399,64.5,old_town,3,3.26,4020.81
2400,31.1,residential,2,3.33,2473.48
2401,71.8,suburb,12,8.11,1960.67
2402,28.9,residential,10,7.07,1505.25
2403,76.0,residential,4,5.65,2468.16
2404,49.3,university,9,0.77,2441.17
2405,60.0,residential,16,8.01,2337.54
2406,68.8,business,3,2.92,3444.98
2407,78.0,riverside,19,5.8,2830.96
2408,146.8,luxury_hills,1,7.49,14458.68
2409,42.6,central,5,0.71,3282.32
2410,64.1,business,5,0.72,2919.51
2411,123.4,luxury_hills,9,9.87,10073.9
2412,68.7,old_town,2,2.81,3499.62
2413,47.3,residential,2,4.56,1514.04
2414,23.0,central,17,2.09,4516.46
2415,69.6,central,12,1.43,3031.27
2416,81.2,old_town,7,4.23,2376.95
2417,86.9,riverside,5,4.42,2936.06
2418,31.7,university,2,4.29,2328.24
2419,47.2,industrial,7,10.24,2001.38
2420,88.0,suburb,5,12.02,2685.16
2421,75.4,residential,4,9.04,2143.89
2422,93.2,green_zone,4,7.25,2838.78
2423,43.6,suburb,10,11.24,1878.58
2424,44.4,university,12,0.2,1477.07
2425,62.7,university,11,2.99,3526.38
2426,32.7,industrial,14,15.27,1181.02
2427,64.0,riverside,15,3.3,3717.05
2428,89.6,old_town,8,3.41,3263.91
2429,90.5,business,3,2.42,4161.89
2430,77.4,suburb,2,8.39,3469.25
2431,18.0,university,7,3.3,2534.92
2432,96.7,business,6,2.27,3311.02
2433,103.9,green_zone,15,5.71,2152.87
2434,208.7,luxury_hills,11,7.84,25497.89
2435,33.9,residential,7,6.96,1564.76
2436,72.3,business,8,3.04,2812.2
2437,58.5,suburb,6,11.06,1701.53
2438,103.9,old_town,6,4.42,4981.15
2439,94.7,residential,1,2.57,3263.36
2440,62.5,industrial,12,8.16,975.35
2441,71.3,residential,16,8.25,956.02
2442,60.6,residential,8,5.71,2158.71
2443,75.6,old_town,7,3.66,1859.26
2444,37.0,residential,4,8.26,2705.28
2445,42.9,university,10,3.71,1551.15
2446,37.2,residential,15,10.23,1851.13
2447,47.5,old_town,5,3.94,3083.24
2448,104.2,green_zone,19,7.84,2973.76
2449,57.2,riverside,5,2.05,3622.68
2450,202.5,luxury_hills,21,9.49,22462.88
2451,20.3,business,1,3.34,4380.68
2452,118.0,suburb,5,13.74,350.0
2453,38.2,university,4,4.2,2880.73
2454,132.3,green_zone,15,7.44,4008.34
2455,76.3,riverside,9,5.65,3172.27
2456,38.0,university,8,2.93,2405.21
2457,51.2,central,4,1.84,2104.59
2458,41.3,residential,16,9.59,1606.0
2459,61.6,university,7,6.05,2794.37
2460,18.0,residential,21,4.83,2566.25
2461,98.9,riverside,27,5.79,2964.02
2462,31.6,central,11,1.87,4189.58
2463,55.9,residential,16,10.52,2744.53
2464,41.9,green_zone,2,7.71,2211.14
2465,48.2,residential,6,5.14,1836.87
2466,109.6,suburb,1,12.66,2452.07
2467,71.6,business,31,4.61,3647.64
2468,58.0,residential,7,4.76,1893.51
2469,71.3,riverside,3,6.56,2698.67
2470,72.0,suburb,11,12.29,1972.99
2471,90.4,green_zone,5,5.14,2914.43
2472,149.2,luxury_hills,12,7.16,16782.18
2473,73.2,industrial,5,11.75,2035.08
2474,60.3,industrial,13,6.93,912.85
2475,97.1,suburb,5,10.77,3539.05
2476,38.1,business,15,3.09,3467.03
2477,98.9,suburb,10,13.17,2309.84
2478,36.9,green_zone,6,9.16,2175.35
2479,78.9,business,6,4.41,3340.4
2480,101.5,suburb,16,13.13,1869.53
2481,59.8,industrial,6,9.24,2827.15
2482,56.8,university,12,3.01,1712.54
2483,54.9,university,17,3.84,2265.25
2484,56.6,suburb,2,15.02,1372.98
2485,69.9,old_town,1,2.22,1849.7
2486,32.2,riverside,4,5.2,2107.88
2487,76.9,business,31,3.72,3460.2
2488,77.7,riverside,7,6.54,3221.6
2489,111.4,old_town,3,2.18,6218.3
2490,44.0,university,20,5.69,1857.21
2491,103.4,suburb,15,13.7,3317.78
2492,69.3,old_town,8,1.28,2105.54
2493,71.4,industrial,12,11.08,672.42
2494,102.8,old_town,8,2.22,1625.64
2495,69.2,residential,14,10.22,1786.0
2496,67.2,residential,4,6.73,2251.47
2497,62.7,university,8,2.56,2213.52
2498,62.1,central,6,2.28,4739.61
2499,51.3,central,4,1.19,3042.98
2500,118.2,suburb,12,17.74,943.78
2501,71.5,university,12,1.12,4503.35
2502,93.1,residential,19,5.88,2704.14
2503,106.1,riverside,7,8.03,2440.51
2504,126.1,residential,17,3.67,3152.98
2505,82.4,riverside,12,5.49,3443.72
2506,101.3,green_zone,3,6.69,3220.72
2507,42.9,green_zone,9,7.39,2358.08
2508,58.8,residential,3,6.5,2344.51
2509,127.1,suburb,10,8.09,2523.81
2510,69.7,residential,11,8.42,1926.0
2511,160.0,suburb,4,16.59,350.0
2512,58.0,central,1,2.86,4610.97
2513,25.0,old_town,1,3.44,3341.57
2514,34.7,university,12,4.43,1932.42
2515,86.4,business,2,3.91,5525.27
2516,34.1,university,11,5.53,2554.39
2517,96.4,green_zone,10,9.74,3378.99
2518,63.1,suburb,5,13.23,2102.54
2519,64.7,green_zone,9,6.48,2582.99
2520,98.5,luxury_hills,4,11.23,9669.32
2521,98.4,residential,9,10.45,1743.82
2522,42.0,central,10,0.71,4543.13
2523,46.8,central,2,1.93,1984.58
2524,65.9,residential,7,7.17,2234.39
2525,143.1,luxury_hills,12,6.8,15554.03
2526,60.2,university,2,5.37,1915.63
2527,30.0,business,10,0.7,3876.07
2528,51.7,business,4,3.63,2545.1
2529,46.4,university,1,4.31,2308.79
2530,131.1,luxury_hills,1,11.81,9276.87
2531,55.6,suburb,13,10.26,3270.6
2532,54.1,green_zone,12,8.1,1060.66
2533,68.3,business,3,3.61,4137.19
2534,143.1,suburb,10,11.07,1888.85
2535,41.1,central,11,2.0,4666.23
2536,79.8,industrial,11,13.2,400.97
2537,67.3,suburb,4,11.73,3203.9
2538,120.0,green_zone,12,6.85,3652.01
2539,50.6,university,9,5.87,2609.81
2540,122.3,suburb,12,11.52,1086.37
2541,65.7,university,2,6.23,1780.23
2542,51.7,central,4,2.22,2836.55
2543,74.3,university,13,3.81,3646.49
2544,106.4,industrial,11,8.27,2377.66
2545,71.7,suburb,1,12.16,1535.13
2546,100.3,residential,2,5.23,1622.98
2547,35.5,old_town,2,2.19,2134.55
2548,108.1,luxury_hills,5,9.53,12232.93
2549,65.7,industrial,9,7.12,3185.44
2550,86.1,residential,17,4.51,3499.93
2551,51.2,luxury_hills,13,10.24,5490.9
2552,18.0,university,17,5.26,3852.53
2553,78.0,business,10,5.02,5462.18
2554,78.4,riverside,10,6.33,5959.98
2555,46.3,residential,10,3.6,2579.82
2556,61.6,business,12,3.5,5400.62
2557,95.6,old_town,7,1.09,3395.35
2558,86.8,residential,16,8.82,3096.91
2559,87.8,suburb,8,12.15,2303.83
2560,62.9,business,17,4.48,3322.32
2561,176.9,luxury_hills,24,9.47,17621.68
2562,100.8,riverside,4,5.78,3133.96
2563,58.0,central,9,2.32,3885.13
2564,44.2,central,12,2.44,4570.01
2565,75.9,central,35,0.6,4404.24
2566,64.8,residential,7,7.17,2251.17
2567,77.6,suburb,18,4.92,2180.06
2568,73.4,residential,10,7.78,3273.23
2569,43.1,suburb,7,8.76,1794.2
2570,53.4,industrial,8,10.08,1362.12
2571,74.4,old_town,4,1.76,2854.68
2572,48.7,green_zone,8,5.53,2855.94
2573,89.5,old_town,3,3.35,3583.74
2574,58.8,residential,10,6.89,2343.08
2575,133.2,old_town,3,1.71,3311.4
2576,63.3,residential,7,4.64,2296.69
2577,54.1,old_town,5,2.56,2579.16
2578,89.0,green_zone,5,11.2,2562.43
2579,73.6,old_town,1,2.37,3525.14
2580,83.7,suburb,9,12.86,2732.3
2581,36.3,residential,10,10.54,2450.54
2582,68.7,residential,10,5.28,904.61
2583,73.5,central,30,1.91,6396.64
2584,82.5,residential,3,7.04,2366.45
2585,80.8,business,11,4.15,4569.58
2586,95.3,green_zone,4,8.58,2618.82
2587,92.2,residential,11,3.82,3031.88
2588,115.4,green_zone,18,10.66,2423.94
2589,60.2,old_town,6,1.2,2382.72
2590,112.6,business,2,3.54,6011.32
2591,18.0,green_zone,9,9.58,2022.63
2592,144.2,luxury_hills,9,6.85,11925.92
2593,81.2,residential,10,6.31,1753.03
2594,67.9,business,18,4.21,4189.56
2595,71.6,luxury_hills,22,12.85,8654.72
2596,71.0,residential,9,6.3,1527.69
2597,45.8,residential,11,10.62,3517.15
2598,40.2,residential,8,5.02,2638.31
2599,74.6,suburb,11,9.65,3339.62
2600,77.1,business,20,2.86,5158.77
2601,89.9,residential,12,10.27,1215.59
2602,76.1,suburb,10,15.21,1265.7
2603,67.3,riverside,6,4.23,2689.55
2604,65.9,university,10,3.35,2730.05
2605,51.6,residential,7,5.48,1899.19
2606,49.7,riverside,1,7.38,2419.48
2607,80.7,old_town,5,3.02,2582.05
2608,115.5,luxury_hills,2,7.47,13922.46
2609,49.0,central,5,1.35,3549.65
2610,23.0,residential,4,7.11,1126.78
2611,89.7,green_zone,8,7.39,2167.39
2612,77.0,industrial,10,4.85,1604.85
2613,75.1,riverside,12,5.4,2793.47
2614,24.4,green_zone,6,11.55,2217.91
2615,72.6,residential,9,7.55,1979.25
2616,50.5,business,8,4.64,3893.85
2617,100.8,industrial,5,8.15,1545.73
2618,56.8,central,32,1.68,3422.07
2619,94.4,industrial,15,15.19,1487.73
2620,34.3,riverside,10,5.84,2831.38
2621,85.2,old_town,2,1.22,3948.71
2622,45.5,university,5,5.97,2324.77
2623,82.7,residential,16,2.72,2227.12
2624,55.4,green_zone,10,10.09,1665.41
2625,70.5,residential,12,5.11,2502.94
2626,89.9,riverside,28,5.58,2541.12
2627,48.0,residential,4,7.26,2639.32
2628,31.2,university,4,6.46,3018.54
2629,68.6,industrial,1,9.78,1617.94
2630,67.6,central,23,1.55,3797.89
2631,59.1,university,12,5.16,2031.16
2632,100.6,suburb,6,12.0,2442.65
2633,44.1,residential,19,8.27,1863.44
2634,47.1,business,3,0.67,4052.5
2635,85.5,business,10,2.74,3849.92
2636,74.5,industrial,1,9.85,1292.76
2637,53.1,old_town,7,2.83,3150.48
2638,73.6,business,6,2.95,3242.2
2639,76.1,old_town,7,3.42,1943.86
2640,39.1,suburb,11,13.71,2631.8
2641,68.3,suburb,9,12.06,1839.82
2642,87.6,residential,10,6.89,2532.5
2643,68.2,industrial,5,8.19,1792.19
2644,72.7,university,18,1.44,2159.69
2645,71.6,riverside,6,3.25,595.73
2646,40.4,university,2,7.69,1984.52
2647,113.6,residential,21,5.81,2732.55
2648,91.6,business,6,3.17,4750.91
2649,55.6,residential,1,4.5,4289.53
2650,65.8,residential,16,5.13,2572.05
2651,91.3,riverside,8,9.55,1795.98
2652,57.7,green_zone,3,10.13,2363.82
2653,80.9,industrial,10,8.76,1847.44
2654,68.8,industrial,3,13.49,1072.55
2655,36.9,university,3,4.69,929.52
2656,49.6,residential,12,6.17,1732.97
2657,56.3,central,7,0.2,2915.96
2658,83.7,green_zone,10,6.14,2510.09
2659,76.7,riverside,29,8.27,5649.36
2660,58.1,university,8,5.46,2018.41
2661,61.5,residential,4,6.49,3467.75
2662,31.6,riverside,1,2.17,3342.07
2663,118.7,luxury_hills,16,7.4,15699.85
2664,59.1,central,22,1.86,3812.06
2665,85.0,old_town,5,3.32,2151.37
2666,56.5,central,30,0.42,2891.34
2667,51.5,university,1,3.48,2147.34
2668,87.4,business,11,1.98,3374.52
2669,70.0,residential,20,9.72,3247.25
2670,51.8,business,9,0.31,3735.67
2671,44.2,old_town,4,1.33,4011.32
2672,35.8,business,6,3.32,4703.94
2673,93.7,riverside,25,5.78,4274.66
2674,66.7,business,8,3.35,3352.15
2675,71.1,business,8,2.8,2053.36
2676,21.0,business,2,1.85,2963.94
2677,47.5,business,11,3.94,3653.6
2678,53.9,business,33,2.64,3335.86
2679,30.1,central,26,0.71,5382.22
2680,20.7,university,3,5.65,2525.39
2681,81.0,riverside,30,5.84,1665.73
2682,59.2,riverside,9,5.82,2331.56
2683,79.8,residential,17,4.65,1521.65
2684,31.6,university,15,6.2,2975.93
2685,76.2,business,12,1.95,4146.18
2686,113.9,suburb,5,19.78,1654.4
2687,69.9,green_zone,14,5.33,2648.61
2688,75.3,residential,9,7.74,1667.77
2689,70.9,residential,3,7.08,786.45
2690,64.6,central,1,1.5,2560.6
2691,88.5,riverside,17,5.42,2915.6
2692,52.0,residential,7,6.6,1906.38
2693,68.8,industrial,5,11.18,1606.65
2694,73.7,green_zone,2,8.79,2341.09
2695,74.7,residential,13,4.84,2182.41
2696,70.6,suburb,15,9.84,1942.94
2697,90.9,riverside,8,3.21,2995.76
2698,83.8,suburb,7,10.38,1985.74
2699,49.4,central,7,0.51,3431.77
2700,120.3,suburb,18,7.19,2108.91
2701,112.1,green_zone,11,10.66,3840.25
2702,43.4,university,19,4.2,1999.2
2703,54.8,suburb,4,8.48,1964.63
2704,58.6,residential,6,6.8,1907.2
2705,82.1,business,3,5.05,3465.74
2706,84.7,industrial,12,11.11,748.65
2707,84.1,business,22,4.09,3594.97
2708,121.0,residential,19,5.86,2578.69
2709,62.3,residential,9,3.58,2021.23
2710,82.1,residential,20,9.48,2333.34
2711,67.6,luxury_hills,2,7.96,8976.19
2712,68.9,residential,10,8.89,1611.0
2713,58.8,residential,1,6.06,3009.11
2714,82.0,industrial,9,9.95,1742.54
2715,106.3,residential,13,4.61,2503.21
2716,65.1,university,4,2.84,2544.49
2717,80.9,residential,3,7.46,1108.3
2718,33.1,suburb,6,11.9,1506.79
2719,72.8,riverside,3,6.07,1375.89
2720,63.9,university,5,4.78,1486.11
2721,61.1,business,11,3.6,2962.58
2722,71.7,riverside,5,5.53,4248.25
2723,73.2,university,11,4.51,2610.65
2724,105.1,residential,19,5.76,1318.12
2725,31.4,university,9,3.33,1656.33
2726,62.2,old_town,3,0.68,4323.52
2727,92.1,riverside,10,3.47,2986.18
2728,84.1,business,8,2.8,3637.21
2729,65.1,residential,20,12.5,1748.83
2730,45.7,central,26,0.77,4007.11
2731,78.9,suburb,9,12.58,844.04
2732,78.6,residential,5,2.78,2699.06
2733,29.5,old_town,6,2.96,2807.32
2734,40.8,business,2,2.21,3580.78
2735,75.6,suburb,2,9.0,863.73
2736,43.8,university,1,4.85,4828.84
2737,147.4,suburb,11,14.7,2500.35
2738,23.0,industrial,2,10.69,547.38
2739,57.3,central,35,2.65,3755.08
2740,33.8,university,1,1.64,3068.28
2741,45.5,business,6,0.94,5070.43
2742,61.5,green_zone,11,5.42,2014.56
2743,105.4,residential,13,11.2,3101.06
2744,55.1,green_zone,13,8.38,1519.9
2745,40.7,riverside,12,4.8,3964.27
2746,18.0,residential,5,5.31,1527.12
2747,86.2,residential,13,3.59,2897.2
2748,51.9,business,19,3.01,4262.75
2749,41.8,university,16,2.39,3305.08
2750,44.9,central,10,1.01,3658.44
2751,51.9,residential,14,9.72,1615.05
2752,50.4,residential,18,7.4,1691.16
2753,97.3,old_town,3,3.6,1583.3
2754,106.3,old_town,4,3.4,3520.98
2755,93.8,residential,7,5.42,2472.92
2756,65.9,university,4,2.63,1415.96
2757,21.1,university,7,5.05,3339.66
2758,51.5,university,14,5.79,1423.91
2759,56.5,university,12,3.47,2815.87
2760,53.9,industrial,9,6.92,1751.01
2761,65.8,residential,16,10.42,1316.6
2762,87.5,suburb,14,11.09,1830.47
2763,39.9,suburb,5,6.6,1032.64
2764,70.6,residential,22,6.28,1960.82
2765,71.9,central,14,1.28,3779.56
2766,36.5,suburb,12,11.89,2199.46
2767,51.0,riverside,12,2.31,2182.94
2768,129.0,luxury_hills,12,13.64,10812.59
2769,33.8,residential,7,9.24,1020.92
2770,61.2,riverside,25,6.27,2590.7
2771,74.8,riverside,9,6.23,3099.49
2772,49.5,university,9,4.34,2327.44
2773,80.8,suburb,1,12.55,2320.21
2774,49.7,riverside,19,6.14,2625.88
2775,53.7,industrial,10,8.04,1713.88
2776,77.4,business,38,1.25,2547.79
2777,87.7,riverside,10,5.98,3397.77
2778,78.4,riverside,4,5.37,2852.73
2779,57.8,business,39,2.48,1902.26
2780,61.6,old_town,2,0.55,2400.5
2781,106.5,riverside,3,6.92,3186.35
2782,75.7,residential,3,6.09,3122.11
2783,73.7,business,8,2.65,4531.94
2784,32.8,business,9,3.24,3680.13
2785,57.2,university,11,7.19,2378.69
2786,22.5,green_zone,12,6.52,2316.13
2787,49.3,industrial,6,13.37,1143.63
2788,45.3,university,11,5.04,1820.26
2789,66.7,residential,22,2.65,2738.61
2790,30.8,central,34,3.22,2763.8
2791,64.5,business,40,1.04,2471.98
2792,58.4,green_zone,4,7.44,2997.49
2793,132.6,suburb,1,16.66,997.23
2794,64.3,university,1,5.56,2642.65
2795,97.4,suburb,4,17.11,2798.72
2796,28.3,residential,22,6.7,1824.73
2797,110.8,residential,3,4.06,2672.02
2798,110.5,luxury_hills,9,9.89,11553.58
2799,77.6,business,9,5.45,3549.41
2800,77.2,business,4,2.47,6159.75
2801,49.6,industrial,5,8.22,1890.13
2802,67.3,old_town,4,1.9,1293.37
2803,43.6,business,1,2.9,2792.12
2804,55.2,residential,15,7.05,1231.62
2805,159.9,luxury_hills,24,12.75,14644.47
2806,70.0,green_zone,7,8.93,2212.25
2807,65.9,university,1,1.11,3505.58
2808,50.7,university,12,4.93,2821.92
2809,67.0,central,5,0.73,4625.35
2810,108.2,suburb,12,14.14,2878.67
2811,57.1,green_zone,13,7.16,2665.73
2812,43.9,central,10,0.2,4076.66
2813,70.0,central,8,0.63,3360.38
2814,27.1,central,11,1.46,4713.34
2815,44.9,riverside,10,6.52,2643.63
2816,68.2,industrial,3,16.26,856.0
2817,27.9,university,10,2.75,3454.64
2818,91.7,riverside,13,6.0,2909.58
2819,60.0,riverside,14,4.92,3398.92
2820,45.0,central,11,0.55,4483.35
2821,18.0,business,4,2.8,3735.61
2822,18.0,old_town,4,1.55,4368.93
2823,104.4,suburb,4,10.25,2572.24
2824,65.4,university,6,2.86,4663.34
2825,49.8,riverside,4,4.47,2920.69
2826,58.6,residential,18,8.91,2448.14
2827,77.4,green_zone,19,7.32,3331.39
2828,52.2,suburb,12,13.01,1876.76
2829,73.0,suburb,12,10.7,2653.98
2830,55.5,riverside,27,4.1,2106.93
2831,70.0,industrial,7,9.15,1444.69
2832,115.2,old_town,7,3.61,1803.31
2833,47.9,residential,9,3.46,1956.08
2834,53.8,old_town,7,3.34,1845.85
2835,81.3,old_town,6,4.11,4132.79
2836,67.5,university,12,4.14,2034.71
2837,72.1,green_zone,9,11.65,2081.02
2838,79.6,industrial,12,8.91,864.57
2839,127.1,suburb,6,10.34,3107.55
2840,110.6,suburb,4,15.36,3497.38
2841,85.1,green_zone,2,13.96,2012.71
2842,30.1,suburb,16,14.66,1025.6
2843,65.7,business,7,2.53,5303.92
2844,53.1,riverside,12,3.62,2381.51
2845,50.1,university,9,4.21,2039.99
2846,60.2,business,29,2.56,3553.12
2847,59.4,central,10,3.42,6187.44
2848,101.0,riverside,28,5.6,4573.09
2849,24.6,green_zone,14,6.62,2683.35
2850,118.3,luxury_hills,23,12.3,10218.4
2851,46.9,central,6,1.84,4818.08
2852,59.9,old_town,6,0.78,1949.26
2853,109.9,green_zone,7,6.29,4259.82
2854,98.3,residential,10,9.27,3025.83
2855,97.0,luxury_hills,3,10.22,8323.55
2856,51.1,residential,3,6.74,1765.48
2857,29.8,residential,12,6.41,1789.25
2858,28.5,university,5,7.24,2697.7
2859,63.4,business,6,2.25,3959.84
2860,102.2,residential,21,3.93,3815.29
2861,18.9,old_town,2,2.59,2748.06
2862,58.4,central,1,1.35,2243.36
2863,79.1,old_town,3,3.61,4499.39
2864,46.4,central,11,0.72,4139.07
2865,60.8,residential,22,8.29,1554.87
2866,89.2,old_town,6,1.98,3917.98
2867,102.5,old_town,7,0.89,2386.83
2868,22.8,industrial,11,11.24,593.93
2869,79.6,residential,6,7.78,1138.43
2870,77.2,residential,10,12.44,1243.48
2871,54.9,central,8,1.4,2718.09
2872,61.9,suburb,2,13.25,2144.79
2873,102.7,industrial,2,10.7,3173.79
2874,82.0,central,14,0.93,4595.43
2875,51.2,old_town,5,3.73,4285.17
2876,73.9,suburb,10,13.61,2214.26
2877,78.7,old_town,1,3.88,3155.44
2878,68.5,business,18,3.86,6306.77
2879,29.7,university,14,5.15,6222.64
2880,63.6,green_zone,8,5.92,1807.05
2881,49.4,riverside,11,5.77,2051.93
2882,82.7,business,23,3.44,4070.64
2883,144.5,luxury_hills,4,11.81,14514.49
2884,24.5,university,12,6.55,3542.61
2885,25.2,university,12,3.68,2722.51
2886,61.1,residential,14,6.59,2155.66
2887,39.8,business,3,3.06,3109.0
2888,87.1,industrial,9,9.26,2684.69
2889,36.9,university,8,9.36,2008.4
2890,31.8,residential,11,5.44,2548.72
2891,65.7,central,1,2.97,5713.83
2892,86.2,riverside,7,5.11,3277.45
2893,29.0,residential,5,9.55,1338.19
2894,76.8,industrial,7,9.11,2060.96
2895,122.6,riverside,7,4.44,3375.68
2896,110.4,luxury_hills,7,9.81,11019.21
2897,22.5,suburb,7,7.94,2203.99
2898,33.5,university,11,2.55,3546.77
2899,63.6,industrial,12,10.01,1691.74
2900,70.8,business,4,5.28,2546.47
2901,78.8,riverside,16,4.15,2609.9
2902,56.7,university,9,6.34,2179.36
2903,139.8,luxury_hills,3,10.81,11454.68
2904,75.0,residential,15,7.69,2512.66
2905,18.0,residential,9,7.39,1312.46
2906,67.4,business,30,2.72,3656.24
2907,53.5,luxury_hills,4,8.84,8572.49
2908,100.5,suburb,13,15.51,3748.32
2909,58.3,business,34,2.97,3311.46
2910,84.3,business,3,2.21,3845.62
2911,61.2,business,38,4.28,6871.92
2912,59.5,industrial,3,6.22,1118.42
2913,25.4,central,6,2.16,2773.28
2914,117.3,residential,11,9.69,2201.43
2915,85.3,residential,2,4.56,1163.58
2916,30.2,university,13,4.79,3517.62
2917,100.0,central,7,1.36,2894.65
2918,70.7,green_zone,20,7.78,2932.91
2919,30.3,industrial,15,12.78,891.61
2920,18.0,university,1,2.57,3006.93
2921,116.3,riverside,10,6.15,4012.01
2922,76.9,university,2,4.53,2758.05
2923,61.4,suburb,6,8.74,2236.82
2924,63.1,suburb,12,15.8,2496.58
2925,66.2,riverside,21,4.25,2552.13
2926,32.8,industrial,10,10.31,1432.09
2927,35.2,university,8,7.0,2149.29
2928,124.9,green_zone,16,6.8,2144.61
2929,90.5,green_zone,7,5.91,3951.26
2930,70.6,suburb,5,14.5,1324.43
2931,67.0,old_town,1,2.13,2428.99
2932,69.5,business,7,4.43,2526.08
2933,49.8,industrial,12,14.02,1593.17
2934,83.8,riverside,5,5.33,3340.43
2935,75.3,central,12,1.59,4587.26
2936,103.5,riverside,12,4.77,1747.82
2937,95.5,central,3,1.51,3951.31
2938,68.8,residential,3,2.89,1948.75
2939,102.4,old_town,1,1.76,2631.83
2940,85.8,green_zone,3,6.57,3778.83
2941,137.1,business,5,3.43,2268.3
2942,25.4,university,3,4.2,2228.83
2943,88.2,riverside,8,5.47,2795.49
2944,67.4,green_zone,4,9.83,1552.04
2945,51.6,green_zone,12,8.78,3876.42
2946,48.0,business,4,4.71,3158.08
2947,33.0,university,1,4.57,3233.56
2948,111.0,residential,7,6.94,986.9
2949,44.8,business,3,2.54,2905.64
2950,105.8,old_town,3,2.64,4409.71
2951,110.3,luxury_hills,9,5.11,13220.25
2952,86.3,business,35,3.14,2762.41
2953,57.0,central,3,2.73,3260.89
2954,51.2,riverside,2,7.03,3182.52
2955,108.9,suburb,1,9.79,2651.89
2956,101.7,business,2,2.88,2730.99
2957,113.8,residential,18,7.87,1310.39
2958,45.8,business,10,3.42,2825.89
2959,29.1,university,3,6.49,2482.02
2960,88.3,residential,13,7.29,2224.71
2961,112.2,suburb,8,15.14,1545.13
2962,67.3,riverside,10,7.76,2244.24
2963,64.2,green_zone,3,5.94,3868.6
2964,18.0,residential,5,6.64,1754.82
2965,56.7,business,7,4.06,3727.62
2966,103.5,residential,6,5.77,1863.85
2967,18.0,university,12,5.32,3092.15
2968,87.6,old_town,2,1.95,3201.99
2969,118.0,luxury_hills,15,7.67,12773.57
2970,71.0,university,3,2.67,3865.9
2971,98.7,residential,12,3.63,2242.47
2972,113.2,residential,17,5.46,3083.78
2973,89.4,central,3,1.42,4255.55
2974,103.5,suburb,12,10.04,1810.06
2975,89.4,riverside,15,5.78,2227.1
2976,65.3,residential,8,9.12,2315.44
2977,57.8,central,21,2.18,2673.88
2978,65.5,business,3,3.72,2376.83
2979,50.5,suburb,1,15.45,1975.97
2980,41.5,university,7,7.16,2000.0
2981,95.2,residential,8,4.55,3534.99
2982,57.1,central,10,2.1,4956.33
2983,68.1,suburb,7,8.47,2059.37
2984,48.5,industrial,2,11.43,973.96
2985,79.1,old_town,2,0.93,5155.78
2986,48.8,old_town,5,4.18,2840.76
2987,53.0,university,1,3.09,2894.04
2988,65.1,green_zone,1,6.87,1818.34
2989,67.2,riverside,10,7.11,2615.99
2990,80.1,green_zone,2,10.07,2558.46
2991,108.2,luxury_hills,2,9.94,9012.78
2992,83.1,suburb,12,10.68,1291.16
2993,83.7,riverside,24,6.44,4158.64
2994,101.0,suburb,4,13.03,2962.23
2995,68.8,green_zone,16,7.36,3025.96
2996,88.6,industrial,5,12.74,4509.0
2997,93.1,residential,16,4.76,2287.53
2998,48.6,university,6,3.77,1695.47
2999,87.1,suburb,16,12.06,1707.24
3000,97.0,residential,13,6.64,2133.96
3001,60.1,industrial,9,5.48,2197.52
3002,124.9,residential,11,5.89,1654.11
3003,18.0,residential,21,6.81,1858.67
3004,45.8,university,8,1.73,2000.68
3005,109.4,old_town,7,0.41,4501.91
3006,102.7,residential,13,9.69,1438.93
3007,75.6,suburb,10,14.71,1044.95
3008,86.4,riverside,5,6.67,3958.56
3009,49.5,university,20,0.39,2367.61
3010,112.6,old_town,3,2.96,2981.61
3011,45.1,university,9,5.71,2466.22
3012,62.4,riverside,3,7.36,3465.31
3013,58.5,business,7,1.97,4425.1
3014,101.5,green_zone,19,6.26,1236.07
3015,110.2,old_town,1,3.81,4178.55
3016,99.7,business,11,2.12,2630.33
3017,22.4,residential,19,6.71,2271.57
3018,50.3,industrial,12,11.74,427.66
3019,29.2,central,9,2.21,3484.77
3020,72.3,residential,10,9.76,1486.53
3021,38.3,university,1,4.45,1702.66
3022,99.9,suburb,5,9.38,1646.13
3023,82.2,suburb,17,11.6,1093.5
3024,30.7,business,34,1.34,3975.4
3025,52.0,green_zone,19,8.85,3742.2
3026,129.0,suburb,8,8.2,3344.62
3027,75.0,industrial,6,9.77,1489.41
3028,69.7,luxury_hills,6,8.16,8604.75
3029,78.9,business,21,2.5,5493.48
3030,61.2,university,2,5.22,2267.78
3031,38.7,central,11,1.33,4000.7
3032,40.9,business,6,3.56,3005.41
3033,49.9,central,11,1.06,3788.12
3034,60.3,suburb,14,9.33,3547.84
3035,52.5,residential,6,4.51,1843.87
3036,128.4,luxury_hills,8,12.34,11520.13
3037,79.5,suburb,5,13.11,1973.99
3038,72.7,old_town,5,3.54,3761.53
3039,51.4,green_zone,12,7.82,1629.79
3040,70.0,residential,2,10.19,1719.34
3041,95.5,residential,3,3.59,2751.81
3042,82.4,suburb,2,10.92,2288.61
3043,139.4,suburb,11,10.73,416.87
3044,83.2,residential,11,5.33,1519.31
3045,69.7,residential,12,4.87,3074.12
3046,68.2,university,14,2.51,4944.66
3047,127.0,suburb,11,15.5,1913.78
3048,18.0,university,15,2.61,5856.94
3049,63.2,residential,7,7.9,1622.55
3050,57.2,university,12,4.11,3650.2
3051,72.5,business,22,2.84,4095.0
3052,18.0,university,20,3.83,4942.21
3053,37.0,riverside,13,6.18,3730.46
3054,68.8,green_zone,9,9.86,2276.03
3055,64.5,green_zone,11,8.06,1612.18
3056,84.7,riverside,1,5.1,1665.24
3057,71.5,industrial,4,6.27,2013.41
3058,18.0,old_town,3,2.45,3488.08
3059,44.7,university,1,4.64,932.79
3060,95.1,old_town,2,3.58,1135.64
3061,103.0,residential,14,8.31,3042.56
3062,31.6,residential,17,7.24,1549.63
3063,124.9,green_zone,20,6.54,3425.4
3064,50.7,industrial,14,8.13,1089.14
3065,42.0,university,8,4.73,2697.5
3066,46.6,old_town,3,4.66,2115.89
3067,55.5,residential,9,8.64,2024.86
3068,92.2,suburb,9,12.8,3414.76
3069,48.2,suburb,17,12.14,1154.16
3070,77.4,suburb,18,18.86,2223.76
3071,83.8,riverside,6,6.37,2280.71
3072,86.0,industrial,8,9.55,1295.29
3073,72.7,central,2,2.2,3036.03
3074,62.1,residential,10,3.26,394.14
3075,89.9,green_zone,7,9.19,2073.85
3076,36.5,university,10,4.78,3079.82
3077,70.9,business,5,2.52,2584.3
3078,46.4,university,19,3.34,2895.9
3079,48.3,university,14,4.13,3147.68
3080,91.0,green_zone,13,6.02,4843.85
3081,70.7,old_town,7,3.03,2831.51
3082,45.1,riverside,12,7.95,1984.25
3083,62.2,university,1,2.68,2903.27
3084,46.6,residential,8,3.08,2093.05
3085,77.1,residential,11,6.86,2269.34
3086,84.9,green_zone,5,8.87,1504.83
3087,64.4,suburb,1,13.27,3285.68
3088,31.0,university,15,4.25,2882.27
3089,42.2,university,20,7.48,3327.58
3090,44.7,industrial,3,10.48,1507.16
3091,48.7,business,11,4.72,2505.59
3092,52.1,university,14,7.62,1625.05
3093,79.2,old_town,3,2.66,2406.31
3094,110.8,suburb,12,12.89,3262.68
3095,31.8,suburb,12,7.0,2182.67
3096,47.6,central,10,1.39,5854.97
3097,70.9,green_zone,1,8.27,2304.14
3098,61.6,business,33,2.29,3550.47
3099,67.1,riverside,8,4.28,3642.26
3100,64.6,residential,3,7.76,1903.03
3101,85.6,industrial,7,9.39,530.81
3102,81.9,residential,12,9.92,3118.73
3103,48.8,suburb,2,6.23,2571.67
3104,72.3,business,16,3.29,5002.99
3105,52.7,riverside,15,8.21,2718.42
3106,82.3,riverside,1,5.63,2847.21
3107,42.4,residential,1,6.8,1486.92
3108,50.1,university,7,1.76,3304.0
3109,76.8,green_zone,8,11.7,2313.78
3110,40.1,old_town,7,2.36,2069.92
3111,60.1,old_town,2,2.69,2470.34
3112,184.8,luxury_hills,25,6.42,25721.05
3113,26.1,old_town,1,2.13,2753.25
3114,102.6,residential,3,7.98,2647.97
3115,64.2,residential,5,6.85,1368.74
3116,50.6,business,2,2.83,2505.12
3117,70.4,industrial,16,8.62,756.78
3118,18.7,riverside,1,5.16,2694.22
3119,71.0,industrial,4,8.72,2099.01
3120,35.0,university,11,2.0,2589.61
3121,46.4,university,3,3.8,2463.98
3122,78.3,industrial,13,6.77,2606.45
3123,71.9,green_zone,4,10.39,2199.47
3124,100.1,suburb,17,10.15,1708.28
3125,49.1,central,10,2.37,1952.88
3126,55.2,university,5,4.91,1943.45
3127,94.2,old_town,6,2.07,4509.85
3128,87.4,residential,8,6.22,1696.86
3129,36.9,riverside,26,5.77,1726.36
3130,70.3,suburb,15,12.46,2088.14
3131,81.7,industrial,6,9.67,2238.54
3132,91.6,residential,9,9.4,2261.24
3133,57.3,university,6,2.76,2618.29
3134,42.6,central,4,0.58,4629.72
3135,18.0,university,6,2.05,2867.23
3136,56.3,residential,12,6.24,2214.91
3137,26.2,university,18,7.95,2075.83
3138,54.3,residential,9,7.45,1678.02
3139,108.5,suburb,4,12.67,2648.75
3140,109.6,residential,9,10.43,2461.27
3141,30.2,central,28,1.15,3581.32
3142,80.7,suburb,8,10.29,3659.73
3143,99.6,residential,11,5.99,4691.72
3144,44.9,suburb,1,15.09,1192.38
3145,63.8,old_town,7,1.6,4042.28
3146,119.7,residential,5,8.7,1423.15
3147,96.7,riverside,28,3.73,2749.65
3148,24.7,central,15,0.2,5568.48
3149,55.7,central,4,1.74,3317.19
3150,66.6,industrial,12,11.77,350.0
3151,28.0,central,11,1.56,4096.4
3152,62.6,residential,7,7.02,1710.18
3153,102.2,industrial,11,6.5,3851.08
3154,63.8,business,33,2.02,4078.3
3155,40.9,suburb,7,9.58,2193.28
3156,108.0,riverside,10,4.08,2423.1
3157,33.8,central,10,1.23,10002.15
3158,58.3,business,12,2.76,3221.34
3159,57.6,central,11,1.98,3486.91
3160,35.5,university,8,6.81,1931.86
3161,59.8,university,12,4.7,1797.63
3162,44.9,residential,19,6.57,1966.08
3163,86.1,riverside,2,4.87,1384.78
3164,97.7,residential,11,6.75,840.35
3165,38.8,business,25,2.01,5557.93
3166,118.2,old_town,8,1.25,6256.82
3167,56.4,central,11,0.6,4928.81
3168,47.2,suburb,5,12.21,1895.02
3169,80.3,green_zone,16,7.49,3065.27
3170,61.1,business,9,2.5,3621.19
3171,35.8,residential,8,4.82,2788.56
3172,71.9,suburb,2,8.9,2339.68
3173,81.6,industrial,15,7.67,1669.19
3174,40.9,central,9,1.28,3515.56
3175,66.2,business,32,2.67,2248.7
3176,61.7,residential,12,8.12,1815.13
3177,26.6,old_town,8,2.72,2573.18
3178,89.3,business,37,2.89,3436.4
3179,42.9,residential,1,7.03,1551.5
3180,102.1,old_town,8,1.8,2128.62
3181,63.3,residential,18,6.78,2115.16
3182,66.2,old_town,7,0.87,6675.93
3183,65.4,industrial,4,8.19,968.15
3184,110.3,suburb,10,12.07,2669.63
3185,54.9,central,5,2.88,6586.65
3186,89.8,suburb,8,13.87,2562.59
3187,53.2,industrial,11,13.48,2004.77
3188,92.6,suburb,3,7.48,4504.81
3189,39.6,university,9,1.91,1837.78
3190,70.6,residential,4,8.58,1334.13
3191,95.7,suburb,14,17.78,2303.86
3192,47.3,university,2,4.6,2639.73
3193,65.0,central,17,1.62,4291.73
3194,85.5,residential,5,9.67,2071.42
3195,55.6,business,9,2.17,4472.44
3196,97.8,old_town,4,3.21,3867.87
3197,62.9,business,7,3.4,1791.11
3198,71.0,industrial,5,10.03,2219.39
3199,46.8,industrial,14,14.1,350.0
3200,42.3,university,6,4.67,3419.57
3201,82.9,industrial,3,12.14,350.0
3202,113.8,suburb,4,7.76,2373.18
3203,59.9,central,10,1.95,2808.91
3204,159.4,luxury_hills,14,9.27,17706.68
3205,27.4,residential,16,10.02,1690.37
3206,51.7,industrial,14,4.07,2060.34
3207,109.7,suburb,1,11.08,2511.22
3208,55.7,university,1,5.86,2585.45
3209,66.4,green_zone,8,6.33,3542.21
3210,67.0,residential,12,3.07,2461.1
3211,59.7,industrial,11,10.71,1633.82
3212,90.0,central,12,1.5,3142.48
3213,118.8,suburb,14,12.85,3258.55
3214,89.8,residential,12,6.27,1274.83
3215,24.1,business,12,1.45,3714.11
3216,121.3,luxury_hills,4,10.48,11819.93
3217,92.2,suburb,16,9.3,4305.84
3218,96.0,residential,4,9.15,1368.56
3219,108.6,residential,17,10.06,6465.71
3220,110.0,residential,10,7.36,1470.72
3221,67.9,industrial,9,10.79,1320.04
3222,31.7,industrial,2,11.48,770.34
3223,260.0,luxury_hills,15,12.92,66216.61
3224,62.2,business,26,3.23,3227.07
3225,126.8,suburb,12,7.94,4214.85
3226,45.2,business,10,0.55,3527.53
3227,97.2,business,28,3.0,5880.46
3228,77.6,residential,1,4.03,2715.51
3229,113.2,old_town,6,0.47,2864.16
3230,107.0,green_zone,13,7.16,2079.24
3231,28.5,university,20,5.16,3397.93
3232,69.3,suburb,5,14.27,2956.62
3233,92.3,business,11,1.87,3991.48
3234,43.7,suburb,9,11.13,1531.83
3235,48.9,old_town,3,2.73,2252.6
3236,71.7,suburb,3,10.66,1305.45
3237,98.9,riverside,5,1.09,6969.26
3238,64.1,industrial,8,13.78,1470.25
3239,102.0,green_zone,6,7.15,1683.26
3240,78.7,industrial,3,12.44,679.18
3241,62.3,green_zone,12,10.92,1860.09
3242,100.0,residential,11,8.43,4257.05
3243,110.8,residential,3,7.88,3155.13
3244,58.7,university,8,4.06,1954.7
3245,62.8,industrial,9,7.91,1599.14
3246,108.6,riverside,6,8.32,5746.36
3247,68.9,industrial,12,8.67,1401.56
3248,44.2,university,20,4.64,2470.32
3249,55.5,central,9,2.17,3538.75
3250,66.3,old_town,2,4.45,3209.01
3251,18.0,residential,12,5.47,1441.13
3252,72.2,residential,9,10.09,1875.48
3253,88.5,central,8,0.38,4038.98
3254,70.3,residential,10,6.51,1450.14
3255,170.1,luxury_hills,19,8.04,21990.77
3256,51.4,university,17,4.55,2995.17
3257,48.0,central,1,0.2,4664.83
3258,62.1,university,4,4.29,1733.57
3259,33.8,university,12,5.87,4108.14
3260,92.4,suburb,14,5.24,1493.84
3261,62.2,residential,1,8.57,2170.59
3262,43.2,central,7,2.89,6898.23
3263,79.6,riverside,10,5.18,1719.72
3264,100.4,old_town,8,3.63,1799.19
3265,98.5,riverside,10,9.1,3493.81
3266,18.0,old_town,3,3.8,1605.0
3267,68.0,riverside,9,7.04,4332.6
3268,71.4,riverside,9,5.34,3313.11
3269,127.7,suburb,14,14.68,1163.74
3270,63.6,green_zone,18,7.46,2877.31
3271,121.7,green_zone,6,6.58,1833.28
3272,36.0,university,12,8.04,2490.23
3273,76.6,business,6,4.01,3317.35
3274,64.7,business,13,2.75,3575.25
3275,79.3,industrial,10,7.2,975.5
3276,63.3,residential,5,6.49,1702.49
3277,50.9,central,12,2.33,3015.58
3278,71.9,central,4,1.38,3711.65
3279,86.4,suburb,15,9.88,2928.39
3280,61.9,university,10,3.64,2689.45
3281,87.4,suburb,17,15.12,2298.73
3282,21.4,central,7,2.26,5578.77
3283,100.1,green_zone,10,6.53,2439.61
3284,135.2,suburb,6,14.51,1052.82
3285,120.6,residential,6,7.67,1265.69
3286,61.6,central,2,0.2,2603.23
3287,107.9,suburb,13,9.53,3548.75
3288,74.7,business,6,2.94,4319.58
3289,84.0,green_zone,6,9.23,1886.39
3290,104.0,suburb,1,12.81,3201.57
3291,101.0,residential,12,8.82,3566.55
3292,107.5,residential,17,8.16,1185.71
3293,41.7,university,3,4.16,2334.67
3294,35.9,university,13,3.8,2630.89
3295,80.2,industrial,12,9.47,1689.34
3296,89.1,old_town,7,2.97,5021.17
3297,54.4,central,6,1.7,840.88
3298,45.0,university,1,6.18,1925.96
3299,79.3,business,35,4.0,2090.43
3300,124.8,suburb,2,14.46,1079.52
3301,52.3,business,11,4.66,2706.1
3302,39.6,university,4,1.52,3063.34
3303,72.2,business,5,2.98,4492.76
3304,74.3,suburb,8,12.06,2139.73
3305,89.7,suburb,17,15.06,1627.78
3306,27.1,university,10,5.79,3560.92
3307,47.0,university,5,7.33,3288.72
3308,94.9,old_town,6,3.47,2099.96
3309,52.6,central,7,0.42,3179.97
3310,79.2,residential,8,6.63,1487.63
3311,96.0,suburb,9,9.12,1764.74
3312,46.0,residential,10,5.72,1234.05
3313,100.9,suburb,12,9.91,3100.81
3314,55.6,riverside,2,6.53,2107.16
3315,68.2,residential,4,9.13,2334.32
3316,25.1,central,8,2.05,3243.86
3317,49.4,university,12,2.08,3068.34
3318,50.3,university,12,3.21,1796.46
3319,58.7,industrial,2,9.87,2112.75
3320,75.0,suburb,13,11.33,1467.49
3321,116.0,old_town,2,2.35,2997.29
3322,84.7,old_town,1,4.96,4487.83
3323,97.8,suburb,15,12.85,2757.93
3324,24.5,university,3,2.37,3268.71
3325,48.2,central,3,1.29,4102.63
3326,57.8,university,1,5.03,2243.5
3327,81.5,green_zone,10,7.88,2336.82
3328,43.6,residential,4,4.79,2135.13
3329,153.2,suburb,6,12.39,1824.81
3330,67.7,business,18,2.35,6343.58
3331,104.0,old_town,4,1.36,2880.62
3332,35.9,riverside,28,5.87,1612.19
3333,29.0,industrial,2,7.79,1513.48
3334,115.1,luxury_hills,5,9.02,10834.12
3335,58.5,university,19,0.61,2510.01
3336,56.0,suburb,1,19.01,2083.99
3337,74.5,suburb,16,10.47,2473.5
3338,97.1,central,12,1.6,5125.66
3339,96.9,industrial,12,6.42,1192.22
3340,69.3,residential,8,8.46,1924.37
3341,73.7,business,2,2.71,2313.98
3342,117.2,old_town,1,1.64,3590.12
3343,51.9,residential,17,6.64,3898.05
3344,99.0,suburb,7,6.79,2814.29
3345,59.8,central,9,0.66,2729.71
3346,45.2,old_town,5,2.85,3486.86
3347,79.4,central,9,0.2,4222.4
3348,97.8,suburb,8,17.78,1905.3
3349,208.6,luxury_hills,20,8.07,18605.51
3350,61.7,luxury_hills,1,10.77,7438.42
3351,67.2,old_town,6,3.19,2263.52
3352,47.5,university,4,2.22,3351.19
3353,60.7,industrial,15,9.54,1186.94
3354,95.5,old_town,7,2.62,3594.27
3355,128.3,suburb,6,14.89,2274.61
3356,59.4,industrial,4,14.44,1668.13
3357,34.8,university,18,3.63,5092.61
3358,57.5,old_town,8,4.21,2715.61
3359,102.1,luxury_hills,23,5.37,8427.23
3360,63.4,riverside,4,6.05,2611.9
3361,189.4,luxury_hills,12,8.26,27572.09
3362,75.7,university,10,3.77,2924.48
3363,49.4,old_town,8,2.35,1914.62
3364,73.3,suburb,4,6.55,1955.11
3365,55.3,green_zone,13,9.04,3085.2
3366,82.3,business,36,5.08,4066.09
3367,31.9,suburb,9,13.85,2340.56
3368,107.0,old_town,5,2.08,2920.71
3369,75.9,riverside,5,7.95,4068.54
3370,77.1,riverside,11,6.94,3142.66
3371,75.9,residential,1,6.05,1587.02
3372,80.7,central,12,1.28,4725.11
3373,74.5,suburb,12,5.39,2328.38
3374,53.6,industrial,10,4.05,965.83
3375,21.0,central,21,1.03,4391.42
3376,86.8,suburb,2,15.51,1715.27
3377,71.1,residential,3,7.65,3198.39
3378,92.0,riverside,4,4.1,2728.62
3379,121.1,business,10,3.71,5050.83
3380,97.4,suburb,12,13.73,1402.97
3381,48.6,riverside,13,6.62,2676.65
3382,121.1,riverside,12,1.63,5049.72
3383,55.7,university,8,4.52,1640.12
3384,97.6,suburb,3,5.81,1636.42
3385,77.8,riverside,1,3.93,2878.54
3386,33.0,residential,15,5.12,1709.01
3387,34.4,riverside,5,3.81,4642.28
3388,79.7,old_town,2,3.94,4371.39
3389,31.8,residential,22,6.91,2930.8
3390,44.8,central,11,2.7,3446.01
3391,58.0,university,9,5.85,3097.17
3392,45.3,industrial,2,4.14,1814.21
3393,101.0,luxury_hills,9,12.62,8367.15
3394,62.4,residential,9,9.68,1542.89
3395,70.5,residential,3,5.17,2119.01
3396,104.8,riverside,28,5.36,3818.39
3397,73.1,central,10,1.18,5180.59
3398,47.0,central,31,1.92,3323.3
3399,86.2,old_town,3,2.93,3995.09
3400,102.2,suburb,13,11.0,1475.66
3401,68.7,central,33,0.65,3047.0
3402,51.3,university,18,3.81,2631.05
3403,73.5,residential,5,7.16,2204.79
3404,53.6,riverside,5,3.68,3574.17
3405,182.4,luxury_hills,4,10.44,26738.03
3406,104.3,suburb,12,7.88,3882.99
3407,50.7,central,1,1.74,2737.69
3408,50.8,university,13,2.52,2477.87
3409,59.2,central,3,0.93,4004.99
3410,34.7,central,13,1.18,5214.69
3411,105.9,residential,12,8.11,1166.94
3412,85.5,suburb,12,11.06,1393.53
3413,85.2,residential,7,10.1,1651.6
3414,36.7,university,13,1.96,3180.72
3415,82.3,suburb,12,11.49,912.03
3416,100.1,luxury_hills,20,10.95,12846.91
3417,93.5,old_town,1,2.95,3731.6
3418,90.1,residential,6,6.07,2156.58
3419,73.7,residential,17,7.35,2454.45
3420,65.0,suburb,6,10.27,607.01
3421,113.1,riverside,4,4.24,3690.32
3422,29.4,university,11,5.39,3339.04
3423,66.5,business,8,3.54,3089.81
3424,32.1,central,12,3.37,5168.38
3425,81.0,riverside,5,6.86,3337.88
3426,79.6,residential,4,6.55,2576.9
3427,163.2,luxury_hills,3,9.14,20103.24
3428,60.4,business,7,0.75,4891.08
3429,58.0,residential,6,10.25,1573.9
3430,53.9,residential,1,0.2,1748.73
3431,33.1,business,2,2.73,2318.92
3432,78.8,green_zone,3,11.31,2427.25
3433,47.0,university,13,5.68,1728.78
3434,47.3,central,32,1.93,3435.9
3435,49.6,university,11,5.92,1503.68
3436,45.0,central,8,1.17,3719.78
3437,117.2,green_zone,3,7.18,3032.22
3438,134.0,suburb,4,11.64,350.0
3439,76.0,riverside,29,3.51,3318.24
3440,57.2,industrial,8,13.21,1045.46
3441,38.1,industrial,15,10.78,424.28
3442,60.9,industrial,15,4.37,1654.07
3443,29.0,university,17,5.04,5527.17
3444,99.0,old_town,8,4.06,2492.73
3445,56.9,suburb,18,12.87,2700.83
3446,50.1,residential,5,5.09,1744.97
3447,88.3,green_zone,12,6.95,3535.59
3448,67.1,residential,7,9.43,1742.56
3449,81.9,residential,12,7.11,2033.87
3450,56.1,residential,10,8.81,1905.43
3451,18.0,university,2,5.41,6526.19
3452,114.2,suburb,12,7.0,2655.82
3453,34.1,business,4,4.46,3158.45
3454,70.6,residential,16,7.05,3768.47
3455,54.2,green_zone,7,9.16,1598.14
3456,101.8,business,2,3.61,4314.14
3457,18.0,suburb,7,12.03,1314.02
3458,68.9,green_zone,9,8.85,1640.41
3459,89.3,old_town,2,1.1,2475.53
3460,65.2,central,8,1.79,4967.19
3461,133.3,suburb,5,10.99,1741.49
3462,71.9,old_town,1,0.54,3299.45
3463,59.8,industrial,1,15.68,1072.66
3464,64.1,residential,12,7.9,2554.58
3465,60.9,university,4,0.2,2149.63
3466,32.7,central,2,1.95,4198.99
3467,53.9,green_zone,6,7.89,1072.85
3468,68.9,industrial,6,10.04,1882.8
3469,47.3,residential,11,5.18,1851.15
3470,126.2,business,11,3.27,7430.23
3471,75.0,residential,10,9.6,2267.35
3472,182.2,luxury_hills,15,6.56,23240.04
3473,45.3,residential,15,5.67,3422.82
3474,95.8,business,10,3.45,4418.04
3475,86.0,residential,7,6.84,2297.2
3476,84.3,central,11,0.27,6012.26
3477,62.1,old_town,7,2.69,2844.84
3478,73.8,business,5,3.08,3595.36
3479,88.8,industrial,2,12.21,1404.7
3480,54.0,residential,11,4.87,3891.48
3481,51.5,green_zone,1,3.7,1560.05
3482,126.6,suburb,5,12.12,1505.84
3483,113.0,business,39,4.4,3493.77
3484,84.1,green_zone,12,9.78,2561.68
3485,68.9,residential,4,3.71,3366.1
3486,47.6,residential,22,7.29,2594.47
3487,81.5,old_town,7,1.64,4606.0
3488,54.1,old_town,7,2.88,2878.81
3489,94.8,green_zone,4,5.21,3681.48
3490,77.4,residential,1,8.15,2901.73
3491,64.3,university,5,3.97,3202.38
3492,83.5,central,10,2.32,3721.31
3493,55.8,industrial,14,9.76,1418.46
3494,79.3,residential,15,5.75,2159.25
3495,50.9,university,12,4.55,2791.84
3496,40.3,central,29,1.44,3472.22
3497,86.3,suburb,13,13.41,1954.59
3498,55.8,university,9,4.92,3248.51
3499,34.7,university,2,3.16,3409.53
3500,62.5,green_zone,12,13.44,1576.61
3501,55.2,business,22,2.8,2999.82
3502,78.5,residential,21,8.85,1830.39
3503,119.8,suburb,11,13.24,2615.85
3504,40.9,residential,12,4.16,2197.02
3505,19.5,central,19,2.07,3964.11
3506,18.0,university,7,7.15,2745.2
3507,61.8,residential,18,6.53,2308.47
3508,55.3,industrial,4,7.4,1499.23
3509,45.3,residential,12,8.51,1658.36
3510,74.0,riverside,30,6.02,1640.92
3511,33.6,residential,4,7.88,2236.73
3512,84.5,university,16,6.05,1394.37
3513,72.2,green_zone,7,11.04,2173.64
3514,59.4,suburb,3,11.51,2575.83
3515,88.2,riverside,21,8.59,1869.0
3516,19.6,university,5,4.06,3036.09
3517,89.9,riverside,15,6.93,3558.28
3518,104.4,central,6,0.78,5271.08
3519,81.4,riverside,5,5.12,1856.19
3520,65.7,central,5,0.25,2211.06
3521,95.3,residential,11,8.96,1215.53
3522,95.4,residential,12,4.96,3284.08
3523,74.8,industrial,8,13.84,1510.76
3524,73.6,green_zone,13,6.17,3177.43
3525,18.0,business,12,3.13,3437.33
3526,63.3,industrial,4,5.99,2013.56
3527,93.7,old_town,6,1.73,3638.31
3528,85.1,residential,1,7.55,2224.4
3529,30.2,residential,2,7.43,1475.25
3530,124.6,suburb,13,10.85,1780.41
3531,51.0,riverside,4,4.7,3619.4
3532,90.9,old_town,3,1.49,5682.01
3533,48.1,business,29,4.38,3492.98
3534,18.4,university,3,2.57,3021.81
3535,68.3,industrial,7,6.54,2063.24
3536,121.5,suburb,1,14.19,811.63
3537,53.1,industrial,15,7.16,1583.56
3538,76.2,residential,5,8.93,1192.95
3539,28.4,university,10,3.21,2226.83
3540,83.1,riverside,12,7.71,3061.64
3541,58.7,industrial,9,8.43,2027.85
3542,62.7,central,9,3.17,3999.18
3543,73.3,university,5,3.77,3324.13
3544,74.2,riverside,29,8.33,1961.46
3545,88.8,business,14,4.57,1027.52
3546,108.8,riverside,10,6.9,2228.7
3547,87.9,riverside,4,5.66,2831.12
3548,30.9,residential,17,13.13,1124.85
3549,117.5,suburb,14,13.11,2790.14
3550,20.9,business,1,3.1,2745.4
3551,47.9,university,7,3.17,1627.1
3552,149.2,green_zone,2,4.85,3000.7
3553,61.2,suburb,1,11.19,2085.36
3554,52.5,suburb,16,12.77,1465.87
3555,61.4,riverside,2,4.98,2469.25
3556,33.0,riverside,6,6.69,2294.14
3557,34.2,green_zone,6,5.94,2171.05
3558,59.4,green_zone,20,8.52,2653.42
3559,143.1,green_zone,6,7.12,4984.74
3560,94.0,suburb,3,9.5,1911.06
3561,56.4,industrial,12,13.77,1946.31
3562,35.0,industrial,13,10.49,2847.38
3563,122.9,riverside,6,6.22,3735.47
3564,66.1,residential,4,3.45,1885.55
3565,35.3,industrial,16,12.71,1412.31
3566,62.8,residential,5,11.56,2131.69
3567,39.1,university,8,3.98,3210.83
3568,81.5,residential,21,5.57,2777.49
3569,51.0,residential,2,10.82,1644.77
3570,34.4,industrial,1,13.15,907.9
3571,69.0,green_zone,10,9.05,3363.72
3572,107.9,old_town,7,0.33,3014.16
3573,56.5,residential,4,7.37,2693.57
3574,57.7,industrial,8,9.56,436.48
3575,52.9,central,2,2.86,4488.04
3576,103.0,green_zone,6,5.59,2667.39
3577,43.4,university,6,3.14,1262.39
3578,71.4,central,8,0.59,3954.59
3579,49.6,residential,18,9.38,1942.67
3580,77.2,suburb,2,17.15,1925.4
3581,26.0,central,2,0.33,4156.03
3582,70.9,old_town,4,1.48,3435.82
3583,70.7,riverside,10,5.57,1680.62
3584,33.8,central,5,1.72,5743.86
3585,82.0,riverside,4,6.56,3125.05
3586,58.1,industrial,2,8.16,1181.18
3587,56.6,industrial,9,12.35,1094.9
3588,134.8,green_zone,7,5.9,3547.94
3589,88.3,university,10,2.26,2750.03
3590,18.0,riverside,1,6.72,2513.23
3591,92.5,old_town,5,1.25,4383.47
3592,66.0,central,4,1.62,2611.13
3593,78.1,suburb,1,14.04,2123.08
3594,127.2,suburb,12,15.62,1449.08
3595,57.6,suburb,1,11.07,1685.76
3596,42.8,residential,10,3.73,1767.87
3597,90.9,residential,8,9.01,2178.15
3598,92.8,old_town,4,1.94,3829.57
3599,68.7,central,10,1.32,3577.57
3600,96.1,old_town,3,4.02,2961.17
3601,79.1,suburb,11,6.79,1748.73
3602,62.1,business,22,3.45,3912.86
3603,46.9,business,18,2.08,4091.63
3604,64.8,residential,12,6.82,2618.98
3605,70.6,green_zone,16,5.72,2491.35
3606,43.8,suburb,9,7.99,1813.89
3607,64.1,university,16,4.59,2905.01
3608,96.9,old_town,1,3.17,5121.47
3609,28.3,university,14,3.42,2108.68
3610,42.5,university,8,4.66,2740.48
3611,76.9,business,11,1.41,5363.03
3612,64.4,residential,9,6.38,2404.3
3613,44.2,riverside,12,5.48,2897.43
3614,51.4,university,15,5.97,3660.36
3615,91.0,green_zone,4,9.14,2493.37
3616,89.1,green_zone,17,8.59,2535.55
3617,76.4,residential,7,5.92,3125.82
3618,70.7,university,13,3.09,1789.59
3619,63.7,riverside,2,6.1,2504.96
3620,69.4,old_town,6,2.31,4606.24
3621,70.7,old_town,2,2.3,3022.36
3622,119.9,luxury_hills,21,10.47,10617.67
3623,47.4,old_town,8,2.38,3500.96
3624,43.4,university,17,5.81,2561.02
3625,18.0,central,12,1.08,4406.59
3626,82.2,residential,3,4.59,2043.75
3627,93.1,business,6,2.04,6439.24
3628,74.3,suburb,8,11.89,1911.25
3629,89.5,industrial,12,7.97,3166.6
3630,65.4,green_zone,14,7.79,2792.96
3631,28.8,residential,5,10.62,1878.67
3632,31.2,business,6,3.22,2979.98
3633,89.8,business,8,2.82,5650.96
3634,41.1,riverside,12,7.86,2070.68
3635,55.8,suburb,17,18.3,1100.55
3636,57.5,business,22,3.38,2963.44
3637,30.1,central,2,1.28,5195.41
3638,82.0,business,3,3.83,3286.37
3639,104.1,luxury_hills,20,7.3,11348.56
3640,56.7,residential,8,6.61,2139.73
3641,29.8,old_town,2,3.04,3352.54
3642,63.8,industrial,12,9.38,1314.19
3643,124.8,suburb,3,12.12,687.29
3644,30.4,central,11,0.2,3419.69
3645,90.4,residential,16,6.78,1331.79
3646,64.3,central,6,0.2,3261.29
3647,76.4,residential,4,6.17,476.37
3648,21.7,university,10,4.35,3162.96
3649,40.7,residential,1,6.63,1366.94
3650,94.7,residential,1,1.03,2296.53
3651,41.1,industrial,6,9.25,1201.58
3652,109.5,residential,11,8.48,2640.37
3653,54.4,central,2,1.04,3790.21
3654,73.4,central,12,1.27,6195.45
3655,101.4,residential,1,7.67,2469.68
3656,93.0,suburb,8,9.79,5698.76
3657,64.0,old_town,3,1.3,3090.04
3658,56.1,old_town,4,2.86,2518.68
3659,33.4,industrial,5,12.22,1598.53
3660,83.8,central,8,2.23,4485.7
3661,77.9,luxury_hills,2,10.16,6693.56
3662,47.9,residential,2,4.97,1992.34
3663,75.2,university,9,3.46,4130.27
3664,111.3,suburb,7,9.88,2794.83
3665,20.3,residential,10,4.45,2219.55
3666,88.4,riverside,21,7.32,1810.84
3667,84.7,green_zone,7,15.52,2132.38
3668,99.0,residential,5,5.04,3563.18
3669,29.2,residential,4,9.56,2134.22
3670,68.7,suburb,17,9.55,1801.75
3671,59.4,residential,7,6.68,2105.7
3672,60.4,industrial,6,10.37,3148.29
3673,64.4,business,8,3.26,3750.23
3674,33.5,business,11,3.77,2935.75
3675,47.1,residential,9,7.3,1967.82
3676,56.3,central,11,0.94,4620.21
3677,50.9,residential,15,8.16,2139.41
3678,105.2,old_town,2,1.74,3524.67
3679,34.4,university,8,8.42,3254.48
3680,47.7,residential,6,6.12,2470.71
3681,59.6,central,3,0.2,3100.23
3682,21.2,industrial,9,5.99,1055.93
3683,44.2,suburb,7,14.54,1883.26
3684,72.0,business,3,1.39,4226.46
3685,82.4,suburb,8,12.4,981.48
3686,55.5,university,8,1.54,3640.39
3687,30.7,university,10,4.77,3413.06
3688,77.5,industrial,11,9.94,1361.77
3689,27.4,residential,2,8.38,1717.25
3690,20.7,green_zone,9,9.52,825.46
3691,72.3,green_zone,4,8.53,2249.71
3692,80.8,suburb,8,13.9,2333.61
3693,88.8,business,6,3.07,4147.22
3694,69.7,industrial,15,8.46,1370.46
3695,84.2,green_zone,12,4.57,2968.9
3696,65.0,industrial,9,12.64,1205.55
3697,32.5,university,5,5.2,3190.03
3698,37.8,riverside,7,5.39,2343.07
3699,59.4,business,3,3.23,2723.94
3700,100.3,old_town,2,1.93,3818.98
3701,46.1,industrial,4,8.37,1788.8
3702,48.8,old_town,6,1.71,3676.24
3703,57.7,old_town,1,4.31,2915.02
3704,84.1,industrial,1,12.53,2469.52
3705,43.1,university,8,3.0,2889.48
3706,94.5,suburb,17,13.44,1582.14
3707,30.4,green_zone,13,8.63,2920.86
3708,72.2,residential,12,6.11,3019.2
3709,30.0,industrial,8,11.15,1073.38
3710,54.9,old_town,5,2.57,2449.12
3711,97.2,riverside,4,6.52,3218.74
3712,62.4,central,1,1.15,2685.16
3713,135.3,green_zone,6,6.2,3877.39
3714,114.3,residential,18,5.31,355.74
3715,38.6,old_town,8,2.73,2798.89
3716,132.0,luxury_hills,1,8.12,12741.91
3717,71.7,business,10,0.81,5064.98
3718,55.8,industrial,7,13.41,816.27
3719,97.4,business,8,1.79,3625.33
3720,95.3,residential,12,8.93,3308.01
3721,97.6,suburb,2,16.18,3302.61
3722,83.9,business,33,3.49,4397.9
3723,87.2,old_town,2,2.38,3327.59
3724,94.8,business,11,3.42,4819.67
3725,43.4,university,6,5.02,1587.63
3726,89.6,old_town,3,2.64,2741.14
3727,53.0,university,5,4.12,2869.99
3728,139.0,suburb,18,9.54,2604.1
3729,109.4,suburb,5,9.53,3800.1
3730,61.7,riverside,8,5.93,3438.85
3731,62.1,green_zone,9,9.41,2158.5
3732,51.9,residential,16,8.52,2244.17
3733,32.0,central,6,2.53,6424.23
3734,112.0,suburb,12,8.66,3515.93
3735,66.6,industrial,8,8.32,2721.78
3736,58.6,university,4,2.11,1834.62
3737,67.8,riverside,7,4.33,2579.73
3738,26.7,suburb,6,12.41,1944.9
3739,83.0,residential,2,5.49,1083.99
3740,30.6,university,11,0.2,4235.77
3741,67.2,central,12,1.34,5153.76
3742,59.3,old_town,7,2.59,2211.68
3743,94.9,suburb,11,15.53,2014.24
3744,41.2,riverside,4,7.59,1777.02
3745,52.3,industrial,9,7.91,1165.17
3746,101.5,green_zone,8,8.7,2480.26
3747,89.1,riverside,15,3.29,3275.59
3748,78.7,residential,3,8.25,2182.1
3749,66.2,central,27,0.51,3148.54
3750,77.7,business,8,4.61,3044.18
3751,114.3,suburb,10,13.11,2833.73
3752,67.2,residential,20,7.53,1245.41
3753,70.6,business,12,3.4,5415.68
3754,43.8,residential,6,4.73,1894.72
3755,83.5,riverside,11,5.39,3161.28
3756,117.9,business,10,2.93,3750.81
3757,70.6,old_town,2,2.73,2877.99
3758,64.4,industrial,1,8.34,991.48
3759,64.6,riverside,21,4.65,1381.74
3760,53.6,university,3,6.75,2359.26
3761,34.9,riverside,3,7.52,2388.42
3762,36.4,riverside,4,3.81,3452.62
3763,64.7,central,33,3.05,5934.65
3764,72.8,green_zone,13,7.0,2092.06
3765,67.0,residential,2,3.95,2479.66
3766,29.9,residential,6,7.04,2209.14
3767,56.9,business,19,3.14,2454.44
3768,78.0,industrial,7,9.65,1023.51
3769,122.4,luxury_hills,21,10.9,12255.18
3770,90.5,residential,15,4.52,2523.94
3771,107.1,suburb,17,11.22,3153.21
3772,35.8,suburb,8,13.73,1718.52
3773,58.8,luxury_hills,2,6.97,6848.78
3774,56.2,central,3,2.73,3653.42
3775,39.9,riverside,6,4.99,4220.6
3776,108.9,riverside,6,4.36,3916.79
3777,43.3,riverside,6,5.52,2335.81
3778,30.7,residential,6,2.02,3057.04
3779,36.6,university,8,5.42,2191.35
3780,39.0,business,26,3.01,3123.04
3781,59.2,industrial,2,5.5,727.78
3782,21.8,central,1,1.5,3517.62
3783,21.4,residential,5,6.68,1438.38
3784,61.4,residential,2,5.99,2106.47
3785,91.8,green_zone,19,7.0,2085.9
3786,79.9,business,8,4.4,3428.65
3787,69.0,industrial,2,9.83,2255.79
3788,106.0,riverside,12,3.97,1725.02
3789,76.8,business,31,3.4,5860.93
3790,79.1,green_zone,3,10.35,2440.13
3791,32.7,residential,9,8.58,2852.92
3792,65.3,residential,12,4.47,2761.04
3793,42.7,central,5,0.87,3569.35
3794,124.5,suburb,2,12.2,983.52
3795,79.2,residential,4,9.52,2170.08
3796,48.8,central,27,2.24,4173.08
3797,66.5,university,8,5.13,3570.45
3798,71.3,residential,1,6.79,2374.37
3799,87.1,central,7,2.16,3651.6
3800,63.2,green_zone,8,7.81,1603.31
3801,120.3,green_zone,11,7.68,2794.86
3802,90.7,university,5,4.59,3969.95
3803,53.1,luxury_hills,2,9.55,5683.92
3804,36.3,residential,4,8.94,1286.82
3805,49.4,university,2,2.33,2245.05
3806,92.4,residential,16,2.8,2209.48
3807,95.6,suburb,15,16.04,2206.66
3808,58.0,university,4,7.63,2312.47
3809,119.7,suburb,6,12.2,3163.46
3810,66.9,business,30,2.14,2879.33
3811,58.2,suburb,9,14.76,959.43
3812,72.5,business,9,3.4,3282.43
3813,67.2,central,2,1.76,6731.15
3814,23.4,business,2,4.09,3643.94
3815,84.7,suburb,2,12.25,1352.21
3816,59.6,residential,3,5.85,1407.46
3817,69.8,residential,9,7.88,2288.22
3818,120.0,old_town,8,2.77,4647.97
3819,48.7,residential,20,7.36,2314.33
3820,40.9,industrial,10,8.27,4552.95
3821,35.5,suburb,13,10.42,1942.54
3822,92.4,luxury_hills,7,8.8,8244.26
3823,30.6,old_town,5,1.06,2353.35
3824,58.4,business,4,2.29,2565.1
3825,53.5,industrial,16,10.28,1614.05
3826,50.0,university,10,5.53,3704.7
3827,18.0,suburb,6,15.09,1220.91
3828,88.8,business,31,5.2,3731.26
3829,47.1,central,10,1.68,3230.65
3830,38.7,university,15,3.68,2232.74
3831,50.7,riverside,2,5.46,2397.47
3832,156.9,green_zone,5,5.47,2234.12
3833,74.6,riverside,8,4.75,2097.69
3834,94.6,green_zone,12,6.14,2775.8
3835,83.9,business,4,4.75,1983.78
3836,164.9,luxury_hills,24,7.22,26395.71
3837,53.3,industrial,5,9.24,2508.26
3838,72.6,business,2,3.33,2056.82
3839,118.0,luxury_hills,5,8.64,12026.2
3840,83.4,green_zone,9,10.59,2974.47
3841,68.9,business,12,3.75,3186.74
3842,59.7,industrial,4,11.97,551.1
3843,69.1,central,13,2.53,3288.4
3844,32.5,industrial,2,9.57,1571.18
3845,105.5,suburb,12,12.08,3528.06
3846,18.1,university,12,2.72,4253.06
3847,85.1,industrial,11,10.77,1602.6
3848,18.0,residential,10,7.38,2111.05
3849,41.3,industrial,12,12.81,900.29
3850,76.2,green_zone,2,7.67,3162.0
3851,85.8,residential,4,3.22,2216.94
3852,51.5,central,6,2.95,2175.54
3853,86.1,residential,1,9.09,4244.14
3854,100.1,green_zone,17,5.16,3260.58
3855,46.9,residential,21,6.69,1973.92
3856,43.8,university,1,4.32,2442.6
3857,82.5,residential,8,7.07,1277.74
3858,76.1,central,28,1.06,5773.3
3859,96.4,green_zone,5,8.83,3208.17
3860,65.9,business,4,2.4,1887.06
3861,81.2,old_town,5,1.95,2008.12
3862,36.6,university,20,4.2,2320.57
3863,89.2,industrial,1,12.43,1895.51
3864,62.6,green_zone,9,8.3,4226.19
3865,35.4,university,4,4.69,1862.18
3866,32.5,business,3,5.56,2085.99
3867,76.4,central,11,1.74,3469.74
3868,35.9,university,18,10.59,1537.3
3869,99.9,riverside,2,6.42,3194.78
3870,52.4,industrial,10,7.17,2254.44
3871,35.5,university,3,4.64,2275.32
3872,38.2,riverside,5,5.21,2871.79
3873,96.6,green_zone,1,7.57,2874.61
3874,94.2,green_zone,14,7.33,2164.86
3875,56.3,riverside,12,5.29,3652.19
3876,59.8,industrial,13,10.69,1748.4
3877,50.4,green_zone,4,11.47,1807.86
3878,64.0,riverside,1,6.7,2661.77
3879,62.9,business,13,2.18,2756.27
3880,48.7,business,13,1.6,2759.7
3881,18.0,central,31,1.93,3307.78
3882,96.6,industrial,3,6.91,2265.58
3883,62.2,residential,12,7.79,2238.64
3884,71.2,business,1,4.07,2554.46
3885,18.0,residential,15,6.68,2301.44
3886,87.4,riverside,3,3.43,4148.4
3887,73.9,central,35,1.48,3264.2
3888,58.9,central,1,2.12,4441.51
3889,51.7,central,7,1.32,2003.59
3890,50.3,industrial,3,9.73,1747.96
3891,43.0,central,3,2.85,2037.71
3892,52.2,central,2,2.1,2679.57
3893,55.9,old_town,8,1.57,2767.95
3894,121.8,luxury_hills,3,11.35,11603.81
3895,73.0,riverside,1,4.54,4524.16
3896,42.2,green_zone,12,8.06,1738.03
3897,72.0,business,2,5.4,4907.23
3898,117.4,suburb,3,10.07,2286.63
3899,20.4,university,2,3.47,3318.95
3900,49.6,business,14,4.3,2454.16
3901,47.2,industrial,14,10.29,1317.68
3902,43.0,old_town,6,3.59,1620.6
3903,67.2,central,24,2.12,4829.15
3904,124.4,green_zone,1,8.88,3229.79
3905,62.3,residential,5,7.23,2805.89
3906,20.0,residential,11,1.9,4275.29
3907,75.2,residential,6,2.25,1864.46
3908,59.3,university,4,6.49,2490.57
3909,96.7,business,2,2.8,3051.0
3910,36.3,industrial,15,6.98,1087.13
3911,50.5,residential,11,9.42,2378.97
3912,73.2,residential,9,5.04,2732.82
3913,73.7,central,3,0.91,3048.02
3914,30.1,suburb,5,15.98,1809.9
3915,46.2,residential,8,8.31,2281.06
3916,51.3,residential,22,8.26,2399.64
3917,44.8,old_town,8,4.89,1616.23
3918,84.8,residential,10,3.57,2573.54
3919,82.0,industrial,14,8.71,1854.23
3920,141.8,suburb,15,6.72,2439.43
3921,96.7,old_town,1,2.61,2854.56
3922,56.0,university,9,2.06,2747.06
3923,68.5,industrial,14,8.66,689.14
3924,78.4,residential,2,10.05,3074.83
3925,52.0,riverside,12,3.25,3341.05
3926,102.8,business,4,4.02,4017.79
3927,18.0,riverside,1,2.52,1946.87
3928,107.3,residential,8,6.22,5376.5
3929,83.7,suburb,17,16.6,1843.03
3930,47.9,residential,19,6.15,2109.07
3931,58.5,industrial,16,11.76,1150.95
3932,60.1,university,13,6.21,1941.15
3933,51.5,university,1,5.41,3050.18
3934,72.7,business,6,3.08,2281.53
3935,51.0,old_town,3,3.07,2498.35
3936,92.5,industrial,3,9.91,350.0
3937,94.7,suburb,6,13.74,1842.88
3938,115.7,suburb,9,9.58,2378.65
3939,78.0,industrial,2,10.04,1683.29
3940,214.8,luxury_hills,3,11.82,19834.54
3941,58.6,residential,3,10.51,2133.84
3942,115.5,luxury_hills,24,6.36,12778.16
3943,71.9,central,7,1.7,3471.81
3944,53.4,industrial,4,8.06,905.22
3945,70.1,residential,5,4.4,2787.62
3946,80.4,central,1,3.68,5539.55
3947,48.7,university,16,2.88,2673.46
3948,74.8,green_zone,9,10.95,3326.65
3949,66.0,luxury_hills,12,9.33,7888.71
3950,78.5,central,2,1.92,4019.65
3951,70.2,residential,18,5.65,2023.83
3952,69.6,residential,3,6.54,3400.76
3953,62.7,riverside,28,4.29,2467.11
3954,61.5,riverside,26,6.97,3297.2
3955,33.1,business,31,4.32,3615.18
3956,60.0,old_town,4,3.08,1942.35
3957,105.3,business,24,3.18,3993.43
3958,59.0,central,11,2.58,3800.1
3959,18.0,residential,2,6.79,1611.02
3960,58.4,old_town,4,0.94,3594.41
3961,50.1,suburb,2,13.96,1920.03
3962,27.9,industrial,2,6.77,1027.57
3963,52.2,university,12,4.72,2275.86
3964,68.2,old_town,7,0.83,2686.71
3965,30.0,riverside,1,5.54,2198.54
3966,80.2,central,4,0.2,4637.26
3967,40.5,central,6,2.35,1894.23
3968,104.7,business,5,4.08,4349.35
3969,33.6,university,5,3.25,1588.09
3970,106.1,suburb,11,6.81,2607.09
3971,67.1,riverside,2,4.06,2138.95
3972,74.3,university,11,6.44,3186.06
3973,55.3,business,1,2.35,3546.54
3974,97.7,suburb,12,16.26,3731.37
3975,99.4,business,16,2.31,6952.02
3976,129.3,suburb,12,10.9,451.24
3977,63.0,industrial,8,6.81,1957.33
3978,55.8,green_zone,2,9.03,2133.76
3979,79.6,green_zone,10,9.85,2430.0
3980,85.0,industrial,12,9.74,1546.89
3981,92.7,riverside,2,1.9,5287.34
3982,19.3,residential,12,8.87,1426.94
3983,65.5,business,8,2.72,3350.79
3984,37.0,central,23,1.98,5955.3
3985,87.4,suburb,18,14.46,2548.91
3986,96.0,business,36,2.1,3861.2
3987,63.5,industrial,10,8.92,1184.78
3988,70.1,university,19,4.01,2844.76
3989,25.2,residential,11,7.97,2017.54
3990,93.9,business,7,1.29,2579.55
3991,55.0,old_town,2,3.73,3306.81
3992,20.5,university,6,3.52,3426.14
3993,91.4,residential,9,6.82,2875.01
3994,89.7,residential,5,11.46,1174.86
3995,31.0,central,12,2.24,3989.43
3996,23.1,residential,9,7.65,1666.28
3997,91.8,residential,22,8.49,2144.53
3998,76.9,green_zone,1,8.93,1852.98
3999,50.4,university,5,2.64,1293.91
4000,45.2,riverside,11,3.99,1792.85
4001,51.7,central,1,0.77,4509.72
4002,18.0,university,3,1.57,3778.48
4003,98.6,central,5,2.4,6138.58
4004,81.1,residential,19,9.92,2355.22
4005,55.6,university,2,3.21,3417.61
4006,50.1,suburb,8,13.08,2541.09
4007,53.0,residential,17,5.99,1614.28
4008,74.6,business,8,4.41,3198.15
4009,81.2,residential,1,6.58,1612.11
4010,41.7,university,6,3.95,2230.86
4011,84.0,old_town,3,1.5,3071.62
4012,44.7,central,21,0.77,6000.42
4013,44.8,business,12,3.07,4803.34
4014,60.6,residential,18,7.14,2493.78
4015,59.8,residential,8,4.73,3475.63
4016,43.8,central,9,1.41,5660.11
4017,64.4,riverside,10,4.42,1397.36
4018,45.7,central,8,0.2,3489.27
4019,62.2,central,2,0.2,4827.88
4020,70.2,green_zone,20,9.69,2877.3
4021,49.1,riverside,1,4.78,2136.66
4022,99.0,suburb,12,10.2,3474.54
4023,96.7,business,11,3.55,3714.13
4024,63.2,old_town,3,1.64,4489.95
4025,85.4,residential,6,10.87,892.1
4026,38.5,residential,12,9.85,1500.73
4027,68.6,suburb,11,12.93,2274.11
4028,59.3,university,4,5.26,2067.1
4029,45.9,residential,1,4.62,1801.39
4030,53.2,residential,12,5.62,2695.26
4031,60.3,university,13,6.75,2080.95
4032,39.1,old_town,7,3.03,2053.85
4033,132.0,residential,10,6.89,2681.4
4034,96.7,suburb,13,10.34,1868.57
4035,43.1,business,6,2.75,2291.61
4036,89.2,suburb,10,13.97,2250.86
4037,90.3,old_town,5,3.28,5337.27
4038,18.0,central,29,1.61,3250.4
4039,101.9,green_zone,14,5.49,2916.06
4040,60.6,central,5,1.1,3952.28
4041,69.4,old_town,2,3.75,1560.48
4042,49.3,residential,4,10.9,2143.74
4043,51.8,business,5,2.59,1516.2
4044,106.0,residential,11,7.48,2154.96
4045,50.7,old_town,3,2.74,3779.34
4046,30.1,old_town,3,3.23,2253.81
4047,46.3,university,9,5.81,1487.87
4048,38.3,suburb,17,13.07,1837.21
4049,118.7,residential,19,5.16,1434.51
4050,94.0,business,6,4.71,4174.86
4051,145.0,green_zone,12,7.92,5919.26
4052,49.0,industrial,11,12.82,2027.08
4053,78.6,suburb,1,12.39,1983.07
4054,126.2,suburb,2,14.75,4295.99
4055,132.2,luxury_hills,1,10.93,12050.36
4056,150.8,suburb,1,14.08,1384.9
4057,59.6,residential,11,9.31,2263.53
4058,163.7,luxury_hills,5,14.52,25240.45
4059,63.7,residential,13,4.5,2641.42
4060,96.6,green_zone,14,12.71,1519.77
4061,83.0,residential,2,9.74,1847.55
4062,61.0,residential,8,4.84,2109.27
4063,39.3,university,2,1.56,2386.62
4064,57.7,business,2,4.09,3582.78
4065,51.4,industrial,9,10.52,1858.44
4066,56.3,luxury_hills,8,7.87,6676.87
4067,33.3,business,26,2.39,4995.0
4068,61.0,university,3,1.62,2448.75
4069,84.2,residential,8,6.61,2164.23
4070,107.9,luxury_hills,6,6.85,8792.7
4071,44.3,industrial,14,10.25,1939.8
4072,95.4,residential,21,5.37,1741.49
4073,47.3,residential,9,4.97,2340.34
4074,96.0,green_zone,8,10.73,2497.59
4075,93.0,old_town,7,3.83,2614.98
4076,48.8,university,14,4.67,2792.59
4077,60.3,riverside,5,5.39,1508.61
4078,72.9,business,4,3.11,1964.47
4079,45.4,university,2,3.87,1681.71
4080,150.7,luxury_hills,4,11.19,14160.64
4081,62.3,central,17,0.65,1791.73
4082,32.2,old_town,3,4.96,3047.83
4083,33.3,university,19,4.4,3670.07
4084,74.3,residential,8,5.44,2218.7
4085,59.5,industrial,13,9.46,1813.88
4086,74.6,industrial,1,9.72,1817.59
4087,75.5,industrial,10,12.52,457.35
4088,23.8,university,12,2.48,3008.0
4089,133.5,green_zone,10,8.22,2750.1
4090,48.5,residential,12,4.23,2493.88
4091,59.9,business,28,3.16,4476.34
4092,55.9,industrial,5,6.88,1753.46
4093,50.2,university,6,3.89,2161.43
4094,69.3,industrial,12,14.04,1469.92
4095,102.9,suburb,7,12.23,3130.39
4096,72.0,residential,9,11.49,757.91
4097,88.0,industrial,16,10.58,411.06
4098,18.0,residential,12,7.87,1937.22
4099,41.5,central,8,2.3,4128.34
4100,90.8,green_zone,4,9.83,1448.52
4101,82.1,suburb,3,11.07,2585.07
4102,72.1,central,12,0.95,5520.09
4103,67.9,industrial,16,7.96,1751.94
4104,64.4,industrial,4,9.8,2841.03
4105,33.9,central,8,1.15,3891.37
4106,73.2,business,38,3.0,3582.92
4107,92.6,suburb,9,9.51,1666.71
4108,115.9,suburb,12,6.57,3158.98
4109,41.5,residential,10,4.82,2073.93
4110,98.5,old_town,3,2.69,3480.85
4111,39.6,central,22,1.18,4788.54
4112,36.8,industrial,4,11.28,1107.93
4113,53.6,university,14,1.75,2763.17
4114,48.8,business,5,1.85,2449.97
4115,39.3,university,16,6.61,2085.79
4116,68.7,business,22,5.04,4000.79
4117,18.0,central,1,2.65,2817.6
4118,85.2,green_zone,5,9.94,1725.68
4119,87.3,residential,13,2.79,2204.0
4120,65.7,residential,4,5.18,2341.93
4121,114.5,residential,17,8.24,2130.28
4122,72.1,industrial,10,9.76,1248.07
4123,85.5,business,29,1.58,7359.78
4124,97.5,riverside,11,3.48,3942.19
4125,63.9,central,2,2.68,2268.37
4126,77.8,green_zone,17,10.92,2504.34
4127,78.0,central,24,1.15,5053.33
4128,73.0,residential,3,5.09,2729.32
4129,75.3,suburb,13,12.37,2671.93
4130,44.9,business,2,2.55,2384.58
4131,77.0,business,6,4.46,3911.0
4132,18.0,industrial,1,12.36,1490.12
4133,34.8,university,13,5.69,5175.92
4134,73.8,residential,4,7.06,1182.06
4135,62.5,residential,4,12.03,1846.28
4136,119.6,residential,7,7.0,3264.38
4137,47.1,old_town,5,1.43,3076.38
4138,47.4,residential,17,7.65,2070.69
4139,69.9,business,9,2.71,3774.14
4140,21.0,residential,21,4.13,1261.71
4141,51.9,central,14,2.47,4461.56
4142,115.6,riverside,9,9.73,3691.33
4143,40.1,riverside,2,4.51,2813.68
4144,51.9,university,12,4.89,3924.87
4145,53.9,industrial,5,9.99,1727.17
4146,54.8,suburb,12,8.68,2040.16
4147,132.9,suburb,9,12.23,2152.47
4148,149.3,luxury_hills,3,8.77,14630.7
4149,18.0,riverside,3,4.89,2456.7
4150,45.4,residential,3,7.61,2603.64
4151,56.9,university,10,1.68,2656.03
4152,127.7,green_zone,12,5.96,1050.36
4153,31.7,business,10,2.48,3526.96
4154,63.7,old_town,3,2.45,3597.3
4155,99.5,green_zone,14,11.01,3034.48
4156,61.5,university,8,1.42,2031.22
4157,42.0,central,8,2.21,5887.76
4158,81.7,central,5,2.52,2367.24
4159,28.4,industrial,12,7.01,2105.71
4160,45.6,industrial,8,10.75,1485.16
4161,79.3,green_zone,3,9.77,3516.23
4162,58.5,residential,16,6.84,2378.46
4163,18.0,residential,10,7.98,2037.37
4164,67.0,riverside,28,3.88,2823.97
4165,80.1,residential,12,8.52,2298.95
4166,71.2,suburb,10,9.01,2211.88
4167,50.7,central,9,0.22,3117.78
4168,18.0,business,29,2.29,4186.43
4169,56.7,old_town,5,2.76,1892.94
4170,18.0,old_town,4,2.6,4150.56
4171,65.5,green_zone,18,6.37,1892.66
4172,93.1,suburb,3,13.72,1428.62
4173,60.8,university,10,4.64,754.94
4174,74.5,suburb,12,8.87,1777.18
4175,43.3,residential,21,8.38,954.22
4176,73.9,suburb,15,9.1,1406.12
4177,18.0,university,10,5.95,3512.13
4178,63.1,green_zone,7,3.38,2127.13
4179,73.4,old_town,2,2.31,3471.28
4180,80.4,suburb,14,13.28,1373.6
4181,58.9,suburb,9,6.28,2436.19
4182,54.9,central,34,0.46,4878.82
4183,61.3,green_zone,8,11.53,1986.75
4184,66.4,industrial,5,14.79,1452.11
4185,72.4,riverside,2,4.29,4827.06
4186,44.4,university,8,4.2,2340.04
4187,49.1,central,4,0.2,4258.0
4188,49.2,central,10,1.87,4878.96
4189,51.5,business,9,1.29,3143.48
4190,78.7,suburb,4,10.61,1390.67
4191,46.1,university,17,3.41,1582.82
4192,18.0,old_town,5,2.91,2774.49
4193,48.6,residential,10,6.8,1998.93
4194,64.0,residential,1,5.0,2212.3
4195,48.4,residential,12,6.31,2572.09
4196,53.8,business,29,3.17,3558.69
4197,102.4,luxury_hills,4,11.79,8215.58
4198,77.2,residential,7,4.31,2763.25
4199,77.6,university,12,5.46,2212.68
4200,65.9,old_town,1,2.57,3292.73
4201,60.2,university,4,1.11,3212.53
4202,92.0,riverside,2,6.24,2388.95
4203,54.4,old_town,3,3.03,3429.58
4204,107.1,residential,10,7.92,3533.63
4205,162.8,luxury_hills,6,13.04,20232.55
4206,49.2,university,10,3.72,2040.76
4207,69.3,suburb,5,13.14,2027.17
4208,58.3,central,5,1.73,1990.01
4209,36.1,residential,1,9.14,1771.13
4210,89.8,suburb,1,4.37,3235.65
4211,74.5,suburb,9,15.53,1153.83
4212,45.5,business,8,2.35,2478.5
4213,92.6,central,17,2.3,5064.6
4214,51.3,central,2,1.78,4138.06
4215,32.1,business,1,4.09,3174.32
4216,100.5,residential,4,5.4,4452.54
4217,104.2,business,15,2.63,4457.99
4218,118.1,suburb,14,15.05,4871.69
4219,24.2,university,2,4.55,2920.16
4220,59.3,central,28,2.19,2091.01
4221,121.3,green_zone,10,6.58,1666.52
4222,108.8,residential,22,4.87,521.37
4223,121.6,suburb,9,14.28,1833.1
4224,62.0,riverside,10,5.45,2567.23
4225,60.4,industrial,14,6.36,1934.7
4226,58.2,industrial,16,8.65,374.11
4227,50.0,business,8,4.37,4158.68
4228,69.5,central,11,2.96,3135.01
4229,71.5,riverside,14,5.91,4428.71
4230,39.9,central,27,1.41,5381.59
4231,47.4,business,2,4.03,2021.79
4232,102.6,suburb,14,9.05,2106.09
4233,67.0,industrial,12,5.29,1505.44
4234,124.9,luxury_hills,3,8.08,21452.35
4235,60.6,riverside,12,3.92,2202.04
4236,64.7,business,8,3.36,2903.74
4237,79.4,central,15,2.06,4637.39
4238,100.0,residential,15,7.96,3910.79
4239,79.0,industrial,13,7.82,1860.97
4240,18.0,green_zone,12,10.52,2547.11
4241,103.4,suburb,17,16.0,2154.69
4242,45.1,university,11,5.42,1959.55
4243,80.6,residential,15,5.82,2269.58
4244,64.8,green_zone,6,8.94,2096.06
4245,60.3,business,4,3.55,3216.23
4246,66.6,riverside,21,5.36,4941.02
4247,85.2,suburb,13,12.79,2589.17
4248,41.4,central,13,1.69,6216.79
4249,28.4,green_zone,7,5.86,1360.18
4250,77.1,old_town,1,3.18,3394.81
4251,72.0,business,13,1.4,3547.36
4252,85.6,residential,7,4.79,2527.62
4253,60.4,business,20,3.0,4151.25
4254,44.2,suburb,2,13.88,1861.74
4255,140.7,old_town,7,4.24,4362.7
4256,99.2,suburb,9,13.12,630.33
4257,68.0,university,3,4.79,2828.6
4258,33.9,green_zone,20,6.44,2814.38
4259,27.8,old_town,5,3.49,2538.24
4260,71.7,riverside,10,3.96,2978.23
4261,57.0,university,17,3.25,2802.19
4262,18.0,business,23,2.3,2928.63
4263,72.8,central,11,2.21,4693.56
4264,37.9,old_town,8,3.52,1844.88
4265,79.6,industrial,2,12.1,1195.96
4266,81.7,old_town,4,1.88,2381.17
4267,70.3,riverside,10,5.19,1061.87
4268,39.6,university,16,5.83,1835.94
4269,45.2,industrial,10,10.38,515.3
4270,57.6,residential,2,8.27,1306.0
4271,101.6,residential,3,8.95,1793.6
4272,91.3,luxury_hills,6,8.9,8777.87
4273,98.5,residential,11,6.41,1675.21
4274,29.7,industrial,2,6.56,1080.29
4275,50.6,university,4,0.6,2103.93
4276,82.8,suburb,7,12.5,1610.11
4277,71.7,business,7,2.84,2918.2
4278,86.6,suburb,8,6.83,2366.05
4279,53.9,green_zone,5,10.78,2325.45
4280,51.5,green_zone,20,6.8,1141.03
4281,105.3,suburb,15,14.08,3151.92
4282,48.9,university,4,2.62,2860.91
4283,105.0,suburb,4,13.03,2560.76
4284,66.0,industrial,8,6.3,1934.37
4285,185.6,luxury_hills,25,14.21,19971.13
4286,62.8,central,5,1.39,6621.01
4287,48.8,old_town,6,1.61,3477.35
4288,48.6,suburb,7,16.61,2053.76
4289,29.3,business,8,2.36,4280.34
4290,65.0,central,16,1.29,3713.44
4291,78.4,green_zone,1,4.85,3715.2
4292,62.1,central,4,1.09,5287.23
4293,18.0,suburb,18,9.32,1108.67
4294,63.7,university,4,8.72,1852.66
4295,47.5,suburb,1,10.67,1945.17
4296,53.7,suburb,9,8.16,2570.53
4297,66.4,old_town,4,2.01,2913.04
4298,54.6,business,30,3.27,1860.81
4299,125.9,green_zone,8,11.74,1554.12
4300,58.1,industrial,9,11.33,1489.3
4301,46.4,industrial,8,12.49,392.15
4302,60.6,suburb,7,15.16,1052.9
4303,44.7,green_zone,7,4.57,3141.97
4304,76.3,industrial,6,8.96,2346.67
4305,155.5,suburb,17,10.08,1270.27
4306,38.9,suburb,3,9.2,1395.17
4307,23.6,university,12,7.63,5266.51
4308,20.2,central,2,1.96,3252.21
4309,19.7,riverside,6,3.53,5528.46
4310,61.7,residential,11,8.4,2563.83
4311,47.3,business,2,3.46,3461.94
4312,87.5,green_zone,3,6.34,2129.12
4313,83.3,green_zone,12,2.37,6711.95
4314,63.9,old_town,8,2.6,3338.75
4315,71.6,residential,1,5.78,2952.97
4316,117.3,old_town,6,1.45,2112.21
4317,48.6,central,4,0.2,643.73
4318,104.6,suburb,3,4.58,1833.05
4319,65.6,green_zone,7,8.55,3370.58
4320,66.7,university,10,1.75,1294.25
4321,78.2,riverside,29,6.3,1493.55
4322,74.3,old_town,1,2.99,2988.56
4323,40.7,residential,18,8.25,876.32
4324,38.8,university,13,3.24,2418.52
4325,50.8,central,4,1.18,5279.73
4326,43.9,central,1,2.44,3974.56
4327,36.8,industrial,12,9.52,392.14
4328,69.1,business,40,2.41,3315.07
4329,100.7,old_town,2,3.21,3935.99
4330,71.4,riverside,25,6.18,3346.92
4331,69.3,central,11,1.39,3108.4
4332,115.3,green_zone,4,6.31,4409.29
4333,95.6,residential,16,5.65,2883.1
4334,35.8,old_town,3,2.95,2714.34
4335,181.3,luxury_hills,13,6.77,18819.79
4336,60.8,old_town,1,0.2,3324.77
4337,52.9,university,4,2.06,2844.86
4338,67.7,suburb,5,13.31,1684.06
4339,52.5,old_town,1,2.06,4418.12
4340,44.8,central,9,1.14,4937.6
4341,38.7,university,5,8.27,3387.28
4342,77.3,green_zone,3,8.21,1177.72
4343,68.7,industrial,3,7.35,2330.28
4344,82.3,residential,4,0.55,2504.77
4345,50.9,industrial,13,10.6,956.73
4346,19.7,university,2,7.38,1342.95
4347,100.0,residential,12,6.15,2341.8
4348,93.6,luxury_hills,8,3.57,16610.66
4349,85.3,riverside,1,6.11,3114.29
4350,107.4,suburb,9,11.02,1810.63
4351,89.1,suburb,17,16.94,1775.18
4352,140.0,suburb,10,5.12,2806.37
4353,61.2,university,3,4.89,2830.87
4354,18.0,university,14,2.01,1473.25
4355,37.7,suburb,11,6.26,1527.67
4356,54.7,suburb,12,9.26,1720.82
4357,83.4,residential,12,5.28,2902.54
4358,38.5,industrial,13,11.19,1329.07
4359,86.8,business,12,1.89,6227.14
4360,32.2,residential,11,10.58,2454.41
4361,76.6,suburb,11,10.11,2168.12
4362,106.0,green_zone,20,9.03,3470.18
4363,195.0,luxury_hills,1,11.44,21726.8
4364,81.9,old_town,6,2.49,3780.09
4365,66.7,central,1,1.3,4097.23
4366,35.5,riverside,11,7.81,2114.36
4367,54.6,residential,15,11.05,2324.28
4368,58.9,business,30,3.22,2685.15
4369,84.2,suburb,8,8.21,1087.75
4370,54.0,university,3,4.56,2244.04
4371,33.9,residential,7,6.17,1602.03
4372,138.9,green_zone,17,5.55,3808.72
4373,97.6,luxury_hills,10,5.34,10383.15
4374,59.2,university,1,4.86,2823.72
4375,129.5,riverside,5,6.11,3284.42
4376,138.6,luxury_hills,12,9.22,14088.2
4377,51.0,business,16,2.43,2530.01
4378,18.0,residential,8,7.31,1704.13
4379,69.4,central,4,2.96,2462.21
4380,57.7,business,12,1.94,3962.3
4381,96.4,suburb,18,10.78,3446.48
4382,56.5,business,4,3.73,1631.0
4383,60.0,residential,6,2.37,1525.44
4384,66.9,luxury_hills,10,5.2,8473.13
4385,99.4,suburb,16,11.36,2631.11
4386,114.7,residential,8,6.54,2343.43
4387,91.9,suburb,7,11.41,2991.87
4388,79.4,residential,12,8.02,1466.93
4389,47.2,industrial,12,8.04,1785.51
4390,43.7,residential,5,8.58,1751.17
4391,64.1,riverside,24,6.6,2073.27
4392,38.9,university,4,3.39,2094.27
4393,45.2,university,12,3.33,2238.81
4394,74.5,residential,11,7.31,1884.42
4395,72.4,residential,16,5.3,2636.1
4396,57.4,central,7,1.77,5404.03
4397,92.3,green_zone,12,11.86,1894.78
4398,81.7,green_zone,12,3.65,4302.35
4399,119.0,suburb,6,12.94,2037.7
4400,37.0,residential,12,3.31,2237.39
4401,21.1,residential,1,5.98,2043.59
4402,56.0,business,27,4.23,2884.92
4403,55.4,university,1,5.04,2024.73
4404,64.2,business,25,4.03,5361.9
4405,118.6,suburb,7,12.42,3366.24
4406,95.2,central,29,0.2,6038.29
4407,109.4,suburb,12,15.66,2997.16
4408,71.1,residential,20,6.06,496.16
4409,70.5,riverside,3,7.71,2673.24
4410,78.3,residential,11,6.85,1576.69
4411,109.7,luxury_hills,2,12.03,13347.67
4412,20.9,university,13,4.23,2641.82
4413,53.6,old_town,1,3.54,1703.99
4414,34.8,central,33,1.84,5054.87
4415,105.3,old_town,1,3.18,2269.75
4416,25.8,riverside,5,3.4,2479.24
4417,46.7,central,7,2.48,3957.81
4418,41.6,university,4,3.23,1983.81
4419,92.9,residential,12,3.37,2317.81
4420,40.3,business,19,3.24,7652.87
4421,73.8,residential,10,6.49,2199.55
4422,71.0,business,10,2.29,3903.02
4423,24.6,residential,1,8.15,2411.5
4424,59.7,suburb,10,4.99,2736.89
4425,51.4,old_town,8,3.08,2040.28
4426,83.9,suburb,14,8.17,2995.96
4427,107.0,suburb,15,17.87,3927.8
4428,142.2,riverside,25,6.48,3179.94
4429,72.7,business,8,2.9,2978.25
4430,67.4,business,11,4.14,5752.26
4431,24.1,central,13,0.61,5674.28
4432,71.3,business,3,3.89,3382.44
4433,104.7,suburb,7,11.32,2219.06
4434,18.0,business,2,2.76,2650.64
4435,73.7,industrial,15,6.16,1762.76
4436,53.7,residential,3,2.68,2011.22
4437,81.1,suburb,3,9.76,1434.21
4438,54.1,riverside,6,6.01,3871.64
4439,19.6,residential,12,6.08,1953.92
4440,75.9,suburb,17,13.59,5260.61
4441,123.6,business,4,2.86,3464.39
4442,43.6,university,12,5.52,2165.76
4443,65.4,residential,10,7.79,1586.7
4444,42.9,business,4,4.62,2140.37
4445,56.1,riverside,3,4.76,3287.82
4446,74.3,business,2,4.98,3587.74
4447,49.6,industrial,3,11.25,1313.49
4448,26.2,old_town,7,2.22,3271.23
4449,63.4,university,20,4.17,2584.66
4450,63.5,residential,1,11.47,2290.13
4451,82.4,residential,9,6.34,2550.07
4452,51.2,central,1,1.68,1769.98
4453,19.9,industrial,9,8.01,515.8
4454,57.8,business,4,3.47,5013.68
4455,21.5,university,7,6.84,3071.05
4456,146.7,green_zone,8,8.95,2076.79
4457,71.6,suburb,4,16.05,3397.15
4458,108.8,suburb,8,16.67,2499.31
4459,43.7,industrial,8,9.47,2751.96
4460,82.8,university,14,7.65,2980.95
4461,103.5,residential,15,4.89,2664.49
4462,169.8,luxury_hills,4,10.9,15830.12
4463,39.8,central,11,1.07,4984.0
4464,76.0,residential,14,10.7,1649.28
4465,45.0,university,3,5.05,3634.89
4466,54.7,residential,4,7.59,2155.03
4467,38.8,industrial,15,7.71,1327.42
4468,70.1,suburb,4,7.56,2858.87
4469,43.9,residential,21,10.77,1306.21
4470,81.8,suburb,2,11.16,2428.23
4471,67.1,green_zone,13,9.75,2051.7
4472,76.2,business,1,3.03,3038.76
4473,93.3,residential,11,5.92,2242.41
4474,76.6,suburb,6,13.2,1638.46
4475,86.7,old_town,6,2.04,4491.74
4476,121.8,residential,4,4.98,3769.98
4477,81.0,business,37,3.62,2589.31
4478,63.5,residential,16,3.72,2813.73
4479,48.3,green_zone,15,8.58,3445.51
4480,75.3,riverside,3,6.61,3285.82
4481,55.6,university,15,5.21,2909.37
4482,80.4,riverside,8,2.24,5560.16
4483,88.0,business,6,3.35,2258.14
4484,31.5,old_town,4,2.4,2183.07
4485,18.0,riverside,7,4.72,2594.47
4486,50.0,central,18,1.63,6123.24
4487,89.6,business,11,3.82,2415.69
4488,38.1,residential,6,7.45,1306.4
4489,66.5,business,5,3.96,3117.82
4490,63.7,residential,22,4.23,2658.75
4491,79.0,central,14,0.94,3679.26
4492,33.4,riverside,10,2.41,3289.54
4493,117.1,suburb,11,10.87,2497.68
4494,76.5,business,15,2.52,3584.94
4495,20.4,university,6,4.28,3010.03
4496,55.6,suburb,7,15.87,2003.57
4497,79.1,residential,17,6.15,2290.25
4498,60.1,central,12,2.4,2966.83
4499,81.0,riverside,9,3.97,4966.52
4500,32.8,green_zone,6,9.05,1909.74
4501,72.1,industrial,6,10.54,1560.48
4502,47.9,central,8,1.52,4061.77
4503,77.5,residential,4,4.52,2246.3
4504,79.8,business,8,2.63,6530.05
4505,92.8,old_town,6,1.35,2512.96
4506,82.3,luxury_hills,25,11.16,8500.47
4507,74.8,industrial,3,11.66,2664.96
4508,54.4,residential,21,1.65,2024.29
4509,59.5,old_town,7,2.5,2730.64
4510,80.9,old_town,5,3.84,2692.96
4511,69.5,green_zone,20,5.18,2084.6
4512,59.3,riverside,29,4.26,1522.73
4513,87.2,luxury_hills,3,11.93,9572.68
4514,55.0,residential,6,8.49,1889.37
4515,60.3,central,21,1.54,4478.34
4516,75.1,central,4,1.43,3220.85
4517,29.4,central,13,0.76,4480.31
4518,91.0,business,29,3.17,4701.12
4519,18.0,industrial,11,11.38,558.12
4520,58.2,university,17,4.71,3729.53
4521,51.1,university,17,4.11,2664.71
4522,130.5,suburb,3,4.85,3719.29
4523,18.0,old_town,3,1.82,3289.88
4524,32.3,central,1,1.05,6513.01
4525,138.8,suburb,10,11.01,927.03
4526,60.2,riverside,26,5.85,3204.01
4527,25.3,central,15,2.03,3404.62
4528,137.8,green_zone,9,9.45,2197.57
4529,99.1,residential,8,3.82,1473.78
4530,50.3,industrial,4,9.38,2187.98
4531,61.6,business,3,2.79,3010.09
4532,52.6,industrial,6,8.77,1323.37
4533,42.9,suburb,3,11.72,1873.74
4534,60.6,suburb,9,10.42,2309.55
4535,51.1,central,9,1.86,2344.4
4536,53.3,industrial,1,8.86,1317.8
4537,81.0,residential,12,12.0,1627.0
4538,78.6,industrial,2,6.91,1342.05
4539,73.1,old_town,8,1.33,2949.86
4540,71.8,suburb,2,12.7,1773.8
4541,42.6,riverside,2,2.35,3381.45
4542,64.7,central,11,1.91,2751.3
4543,109.3,old_town,5,3.03,2913.87
4544,59.9,suburb,11,9.13,1589.3
4545,93.8,residential,12,9.41,1366.31
4546,145.9,luxury_hills,8,11.07,22295.02
4547,101.2,luxury_hills,8,7.85,11445.0
4548,107.2,green_zone,6,8.24,3391.03
4549,27.0,university,1,2.01,3759.98
4550,36.3,university,7,5.45,1732.86
4551,49.3,business,4,3.06,3503.15
4552,22.4,central,4,0.98,3531.24
4553,84.7,green_zone,6,8.23,2228.43
4554,37.3,university,12,5.07,1186.43
4555,97.1,residential,20,6.97,1645.99
4556,170.5,luxury_hills,19,4.56,17601.82
4557,65.5,business,5,3.25,2723.16
4558,42.8,industrial,8,14.66,998.76
4559,71.4,riverside,14,5.49,3363.14
4560,56.3,business,40,4.06,3176.8
4561,64.0,suburb,5,9.95,1470.4
4562,45.3,central,14,1.73,3425.29
4563,39.8,residential,6,9.11,1129.27
4564,113.5,residential,1,8.01,2649.46
4565,76.6,suburb,16,10.86,1233.0
4566,22.9,business,7,2.91,3530.49
4567,79.9,industrial,5,11.2,1810.96
4568,48.7,university,2,5.1,2102.34
4569,80.6,residential,11,6.95,1207.86
4570,29.3,riverside,9,7.53,3389.29
4571,169.4,suburb,9,12.74,480.19
4572,28.7,university,20,2.51,2022.65
4573,128.2,suburb,14,12.69,1905.23
4574,54.8,riverside,5,7.04,1938.18
4575,71.9,old_town,7,1.47,1626.31
4576,76.3,residential,5,10.79,2638.84
4577,54.4,industrial,8,9.89,1529.71
4578,82.3,residential,17,6.98,2083.91
4579,48.9,central,2,3.43,3498.3
4580,21.1,central,17,1.69,4428.95
4581,65.2,central,23,2.58,3571.32
4582,58.3,riverside,14,4.6,2886.7
4583,54.7,industrial,10,8.94,472.35
4584,78.8,university,5,4.3,1633.04
4585,68.2,industrial,2,9.98,1265.28
4586,31.3,university,1,4.01,2253.37
4587,93.9,green_zone,9,9.53,3128.44
4588,45.0,residential,2,5.84,2100.4
4589,83.3,residential,16,11.46,2685.91
4590,119.0,luxury_hills,22,8.78,10147.39
4591,59.1,suburb,10,16.53,1320.64
4592,91.3,business,7,3.12,3796.23
4593,29.2,residential,8,6.74,2525.38
4594,85.1,suburb,17,17.53,2289.86
4595,49.8,riverside,9,7.77,2393.08
4596,96.2,green_zone,3,10.18,2308.11
4597,43.7,old_town,8,1.87,1687.08
4598,49.1,suburb,9,9.22,1419.43
4599,84.5,green_zone,7,10.44,2993.06
4600,70.0,suburb,8,12.48,1367.18
4601,88.2,riverside,19,7.87,5359.0
4602,144.0,suburb,1,10.31,2155.78
4603,85.2,suburb,11,5.88,2151.61
4604,18.0,university,20,3.23,3674.37
4605,26.6,residential,3,9.11,992.47
4606,47.7,university,8,6.38,1844.53
4607,94.4,business,3,3.11,2786.33
4608,110.5,suburb,12,13.97,1675.99
4609,34.3,residential,5,5.59,1383.52
4610,82.1,green_zone,15,6.07,2542.27
4611,116.7,suburb,9,6.05,3357.86
4612,38.6,business,8,2.88,5671.5
4613,22.1,green_zone,7,10.07,1542.56
4614,37.9,old_town,8,2.47,2524.51
4615,77.1,business,7,3.61,2968.75
4616,117.1,business,10,2.99,3949.45
4617,87.9,riverside,11,8.54,2572.48
4618,47.0,business,6,1.93,3032.38
4619,18.0,suburb,7,13.49,1652.13
4620,59.4,old_town,5,2.42,3040.3
4621,97.8,old_town,3,1.79,3653.01
4622,123.0,suburb,9,10.32,1160.35
4623,76.5,old_town,2,0.75,2759.92
4624,70.6,business,39,2.03,3497.62
4625,112.2,residential,11,5.23,1614.76
4626,90.9,residential,1,4.18,2435.71
4627,109.7,suburb,4,13.24,2879.37
4628,32.5,central,16,1.59,2227.91
4629,71.0,business,20,2.31,6372.93
4630,18.0,university,3,2.19,3431.16
4631,124.8,luxury_hills,18,9.93,16578.96
4632,53.0,industrial,9,8.7,1341.41
4633,44.6,suburb,5,3.81,1733.26
4634,43.1,university,18,4.1,2220.95
4635,70.4,residential,11,8.03,1933.96
4636,59.5,university,4,5.22,3004.07
4637,115.5,residential,12,5.27,1425.14
4638,34.5,industrial,12,8.89,350.0
4639,40.7,riverside,21,3.66,2306.5
4640,151.8,luxury_hills,7,9.9,18090.55
4641,76.6,business,4,1.77,2048.25
4642,66.9,old_town,2,3.19,4011.22
4643,76.3,green_zone,2,8.24,1572.69
4644,84.1,green_zone,9,6.82,3147.31
4645,63.4,green_zone,11,12.18,2831.51
4646,49.3,green_zone,4,7.54,1231.88
4647,73.1,university,1,5.34,2465.61
4648,45.6,residential,10,6.56,2432.73
4649,145.5,suburb,11,13.39,2955.29
4650,77.1,old_town,2,2.61,3439.55
4651,104.5,suburb,12,11.07,1818.81
4652,28.8,university,12,8.7,3205.11
4653,132.2,suburb,9,13.46,1366.35
4654,28.5,central,22,3.03,2041.2
4655,38.8,industrial,3,9.74,948.91
4656,56.4,old_town,3,2.96,2431.4
4657,70.4,old_town,8,3.11,3287.86
4658,18.0,green_zone,9,11.13,2789.18
4659,74.5,green_zone,14,10.79,1760.17
4660,37.0,university,2,6.67,2240.63
4661,80.2,green_zone,6,7.46,2416.19
4662,26.3,central,1,0.53,4828.61
4663,71.8,green_zone,6,6.1,3888.25
4664,62.8,industrial,6,9.34,2270.23
4665,45.1,suburb,6,15.23,2060.24
4666,108.2,old_town,8,3.1,2297.1
4667,55.6,old_town,5,0.83,1539.8
4668,78.2,suburb,1,12.59,1908.69
4669,29.1,university,18,5.4,2614.92
4670,57.0,suburb,17,14.41,1528.95
4671,75.6,university,8,5.23,2954.26
4672,63.5,business,8,3.17,2098.94
4673,42.1,business,11,2.11,3723.43
4674,58.7,central,23,1.18,5149.69
4675,57.7,suburb,3,4.12,4390.16
4676,71.7,residential,12,5.09,1868.66
4677,43.5,university,5,4.76,1732.89
4678,50.0,university,10,6.09,1997.67
4679,32.6,university,2,4.1,3603.84
4680,83.2,suburb,5,14.97,2173.05
4681,71.4,industrial,16,11.23,1853.43
4682,57.0,residential,20,8.01,1657.44
4683,27.4,old_town,5,3.5,1235.13
4684,71.4,central,10,0.61,3342.94
4685,100.3,old_town,5,2.94,4886.1
4686,33.7,university,13,5.23,3071.83
4687,91.5,business,37,3.66,3528.24
4688,69.7,central,2,2.0,4087.54
4689,81.3,suburb,7,18.31,865.29
4690,117.4,old_town,3,3.22,1262.63
4691,80.3,residential,13,6.79,3970.03
4692,106.9,suburb,1,14.61,3217.85
4693,100.5,old_town,7,3.51,2585.63
4694,31.8,business,4,3.44,3120.51
4695,53.3,business,2,3.29,2283.07
4696,93.9,suburb,17,12.0,2898.93
4697,119.0,luxury_hills,8,7.62,12922.86
4698,132.4,suburb,12,8.9,1851.49
4699,70.4,riverside,28,7.45,2939.02
4700,25.8,residential,7,5.69,2125.45
4701,38.1,university,9,5.88,1552.18
4702,79.4,suburb,16,11.18,1485.57
4703,61.7,residential,7,5.15,1962.78
4704,111.7,green_zone,7,8.41,2886.86
4705,59.8,central,9,0.77,4099.76
4706,48.1,industrial,16,9.71,987.5
4707,46.6,university,4,3.77,1761.96
4708,179.1,luxury_hills,7,10.71,25226.42
4709,50.2,old_town,7,3.35,3252.16
4710,82.2,business,10,5.26,2394.35
4711,45.0,industrial,9,8.89,372.94
4712,57.2,residential,16,2.0,2207.2
4713,63.0,old_town,5,2.45,2201.01
4714,91.4,business,11,1.83,3865.53
4715,28.1,riverside,12,5.58,2641.38
4716,74.4,suburb,9,8.83,2497.08
4717,87.3,green_zone,10,8.87,1528.27
4718,81.2,business,11,2.17,4106.06
4719,153.3,suburb,2,12.57,908.94
4720,54.3,riverside,9,9.46,2681.19
4721,58.2,business,8,2.39,1871.46
4722,126.0,suburb,8,18.85,350.0
4723,85.5,residential,6,7.96,2014.35
4724,78.6,business,3,3.24,2771.81
4725,81.0,riverside,6,3.33,3419.44
4726,54.6,old_town,3,2.09,3412.68
4727,41.6,suburb,12,17.63,1934.0
4728,21.5,central,6,0.2,4760.11
4729,45.5,university,13,3.32,2533.79
4730,33.3,residential,12,5.24,1575.61
4731,74.7,residential,3,6.62,2257.48
4732,24.2,business,7,1.99,3470.25
4733,57.0,business,3,2.4,2914.51
4734,54.9,old_town,5,3.3,3315.48
4735,70.6,industrial,12,11.33,609.86
4736,60.4,green_zone,9,7.28,4399.47
4737,46.7,central,27,2.77,3207.16
4738,76.4,industrial,15,10.36,515.96
4739,146.7,luxury_hills,8,10.07,12979.28
4740,35.7,central,29,2.62,6297.03
4741,64.0,riverside,5,8.61,3076.83
4742,89.0,business,9,2.33,3895.74
4743,18.0,business,1,3.07,2860.18
4744,32.4,university,3,4.61,2244.27
4745,51.3,suburb,17,14.54,2164.76
4746,36.2,suburb,10,12.92,1713.6
4747,45.8,central,2,2.43,3553.12
4748,24.5,old_town,2,2.29,1585.81
4749,80.6,green_zone,2,7.32,2137.44
4750,123.1,suburb,2,11.82,1994.21
4751,30.5,university,9,5.96,3428.98
4752,53.9,university,1,5.65,1815.93
4753,42.6,university,6,3.84,2035.17
4754,36.0,residential,6,6.93,1535.89
4755,82.6,central,35,1.57,2237.53
4756,27.5,old_town,1,1.84,2981.72
4757,44.2,university,15,4.8,1762.77
4758,105.8,suburb,7,11.05,2114.27
4759,36.3,business,29,2.53,4386.85
4760,40.9,industrial,12,8.26,2041.94
4761,102.8,suburb,10,9.76,1999.77
4762,71.1,business,2,2.65,3715.98
4763,43.5,university,12,1.4,1486.89
4764,70.5,riverside,5,4.87,2865.54
4765,51.5,central,1,2.86,2372.28
4766,18.0,green_zone,3,8.11,1592.28
4767,92.9,business,15,1.49,4428.21
4768,60.0,riverside,1,6.51,1191.58
4769,65.7,industrial,14,11.56,654.62
4770,47.6,residential,12,7.89,1986.19
4771,44.2,suburb,15,5.56,2389.3
4772,56.4,industrial,12,9.86,1715.3
4773,41.3,central,12,2.17,3222.27
4774,46.0,riverside,7,7.1,1949.77
4775,126.1,residential,2,10.54,1683.06
4776,68.8,suburb,10,8.01,1941.3
4777,57.5,residential,14,8.78,1586.46
4778,87.4,business,40,2.43,2594.4
4779,29.0,central,3,1.84,7491.18
4780,112.2,residential,5,5.69,2305.93
4781,54.4,industrial,10,12.07,711.41
4782,81.1,suburb,8,12.17,2525.83
4783,97.0,green_zone,4,7.03,3183.19
4784,90.2,riverside,3,0.99,3822.46
4785,97.7,green_zone,13,8.4,2649.33
4786,28.0,residential,2,9.31,3283.86
4787,20.0,university,8,2.13,5071.01
4788,58.9,university,18,2.0,2774.98
4789,52.3,residential,9,3.16,5429.26
4790,106.4,business,25,3.03,2031.54
4791,32.5,central,18,1.8,4643.31
4792,68.4,industrial,4,12.01,1763.03
4793,73.4,residential,8,8.45,1989.42
4794,113.2,luxury_hills,9,9.55,12919.08
4795,84.2,green_zone,5,8.92,2529.11
4796,45.5,university,19,1.93,3579.12
4797,62.4,riverside,16,2.63,3197.24
4798,41.0,central,1,2.3,2497.22
4799,54.5,suburb,10,8.75,2752.19
4800,51.3,residential,18,9.5,2604.18
4801,112.6,residential,5,7.31,2456.69
4802,73.2,riverside,6,7.22,2522.28
4803,64.6,residential,12,10.05,2766.29
4804,93.4,suburb,14,6.37,2628.32
4805,71.4,industrial,1,12.58,1369.45
4806,66.3,suburb,5,10.31,2304.11
4807,51.8,central,2,1.08,3042.58
4808,60.6,suburb,12,12.96,1356.91
4809,44.0,old_town,2,1.08,1829.56
4810,54.3,residential,4,4.36,2274.33
4811,74.8,suburb,8,5.05,2471.72
4812,105.7,suburb,3,7.62,3823.04
4813,60.3,riverside,4,5.61,2903.7
4814,92.9,residential,7,3.9,1625.42
4815,113.2,suburb,12,12.7,2364.36
4816,116.0,suburb,2,11.71,2726.1
4817,37.4,university,10,3.2,2640.93
4818,78.6,green_zone,18,10.75,1765.64
4819,99.2,suburb,12,14.84,1550.25
4820,71.9,industrial,7,12.81,2033.17
4821,60.0,green_zone,11,7.49,2318.91
4822,58.9,residential,1,8.11,1392.49
4823,71.2,business,2,2.58,6394.5
4824,33.2,university,11,3.96,3483.38
4825,68.5,residential,11,11.34,1946.65
4826,39.2,business,16,3.32,2796.48
4827,68.2,business,4,2.79,4825.69
4828,63.8,business,17,1.42,2295.17
4829,70.8,residential,17,11.28,1792.76
4830,91.8,central,7,2.91,4361.0
4831,18.0,suburb,4,15.07,2199.31
4832,65.0,residential,4,8.03,2831.94
4833,49.8,central,18,1.48,2664.76
4834,86.9,green_zone,2,5.99,1949.46
4835,83.4,residential,6,2.67,3386.55
4836,35.2,business,7,2.84,4061.77
4837,110.3,old_town,4,1.88,3522.18
4838,72.4,university,7,4.65,2245.26
4839,47.8,university,11,5.82,1855.98
4840,79.0,suburb,4,12.84,2620.12
4841,80.7,suburb,3,10.99,5331.95
4842,124.0,old_town,6,2.97,3062.85
4843,97.6,old_town,8,3.71,3484.02
4844,79.5,riverside,19,2.42,2924.28
4845,121.0,riverside,4,3.8,3365.3
4846,101.3,residential,18,5.92,1559.93
4847,52.7,university,9,5.14,1664.51
4848,93.3,industrial,12,10.32,1728.22
4849,85.7,business,1,2.24,3362.7
4850,106.2,riverside,19,2.41,2855.92
4851,89.5,riverside,1,6.56,2459.73
4852,92.8,riverside,14,5.3,5748.41
4853,129.1,suburb,9,12.34,1438.08
4854,72.3,residential,3,4.64,1297.1
4855,67.7,suburb,4,8.69,2441.05
4856,49.2,residential,7,5.64,3065.44
4857,108.6,suburb,2,12.12,1845.74
4858,49.9,central,5,0.91,3916.2
4859,71.9,industrial,3,11.06,1491.21
4860,86.3,residential,11,6.4,1756.53
4861,38.3,old_town,3,3.05,4325.23
4862,55.4,industrial,14,6.95,848.78
4863,86.2,university,8,6.14,3512.87
4864,39.0,residential,7,6.96,3251.12
4865,107.8,residential,6,9.06,2791.81
4866,67.2,business,11,3.28,5166.82
4867,84.2,business,29,1.77,5602.77
4868,57.0,business,13,2.79,3211.52
4869,58.4,central,20,3.27,3791.17
4870,18.0,university,2,4.13,1974.69
4871,103.1,luxury_hills,23,9.99,11165.63
4872,134.2,luxury_hills,17,8.33,13727.46
4873,44.0,riverside,8,6.81,1685.87
4874,58.9,central,6,1.65,3278.13
4875,40.6,residential,12,8.79,1781.49
4876,87.3,industrial,5,6.59,689.95
4877,63.7,old_town,2,1.67,3036.38
4878,112.6,old_town,4,0.92,3256.87
4879,84.9,industrial,3,9.62,1489.72
4880,74.5,residential,4,9.0,1927.31
4881,87.0,residential,10,10.35,2591.43
4882,66.2,riverside,2,5.9,2683.92
4883,57.9,university,7,3.91,2783.08
4884,41.1,old_town,5,3.88,4603.72
4885,65.5,green_zone,15,10.74,1971.14
4886,47.5,residential,12,6.56,1497.41
4887,19.7,business,12,0.44,3642.26
4888,54.5,industrial,12,6.35,1691.52
4889,92.9,suburb,12,13.83,2239.54
4890,86.0,central,10,1.14,5512.98
4891,45.0,central,2,0.61,3132.12
4892,35.3,residential,10,9.68,3430.54
4893,49.3,business,7,2.34,2491.16
4894,50.9,suburb,9,8.14,2171.17
4895,76.9,central,6,1.78,1900.72
4896,60.5,central,22,1.46,5810.39
4897,74.3,central,9,0.59,4492.49
4898,80.9,residential,13,5.12,1922.33
4899,69.7,riverside,4,4.81,2717.56
4900,55.5,central,6,0.26,3937.87
4901,89.1,residential,4,7.94,1067.19
4902,59.5,old_town,1,1.4,4056.71
4903,25.0,university,9,2.99,2868.95
4904,34.6,suburb,12,17.82,1040.55
4905,52.6,university,19,6.26,2602.18
4906,47.7,old_town,5,1.53,3123.83
4907,45.2,green_zone,5,10.27,1998.08
4908,86.8,residential,15,6.83,3456.91
4909,56.5,green_zone,1,9.18,2170.32
4910,125.5,residential,8,1.34,4488.42
4911,129.3,luxury_hills,18,8.46,22239.31
4912,128.3,suburb,3,16.04,1212.88
4913,53.8,university,14,4.09,2259.32
4914,84.3,riverside,7,5.45,2177.98
4915,49.1,industrial,5,10.66,1485.33
4916,103.0,suburb,16,6.31,643.71
4917,31.6,business,7,2.44,3357.2
4918,160.1,suburb,12,9.26,3341.58
4919,90.8,suburb,6,11.36,4086.38
4920,143.1,luxury_hills,13,3.9,9792.96
4921,39.6,central,4,1.84,3517.85
4922,40.6,university,10,5.6,1758.65
4923,61.3,residential,4,6.59,929.29
4924,89.0,old_town,2,1.33,5114.46
4925,64.9,university,1,4.65,1305.17
4926,60.2,business,6,0.79,4588.34
4927,18.0,old_town,5,1.3,4052.61
4928,46.9,university,12,3.66,842.62
4929,94.2,riverside,21,6.09,2433.94
4930,61.3,old_town,4,4.31,3268.11
4931,85.1,business,9,3.33,4066.88
4932,31.3,old_town,4,1.7,2935.36
4933,71.0,business,29,3.52,4498.27
4934,74.3,residential,22,2.62,2024.35
4935,23.3,suburb,11,12.92,1932.71
4936,74.6,riverside,4,4.75,2641.15
4937,68.5,green_zone,1,8.49,2536.46
4938,68.1,business,1,2.62,2514.75
4939,104.6,suburb,10,12.78,2334.3
4940,20.7,university,1,4.67,2077.26
4941,41.2,old_town,3,2.81,3229.0
4942,94.8,residential,7,4.68,2213.47
4943,75.2,green_zone,12,8.15,2431.87
4944,44.8,university,6,5.68,2209.03
4945,70.2,residential,14,10.75,1018.61
4946,133.9,luxury_hills,25,12.27,14206.6
4947,142.0,old_town,6,4.25,3452.94
4948,80.9,suburb,16,17.53,2725.58
4949,78.3,industrial,7,8.28,1764.72
4950,89.2,suburb,12,14.81,2212.79
4951,67.9,green_zone,3,14.14,2282.36
4952,74.9,industrial,12,12.22,1935.17
4953,94.7,suburb,16,17.81,2588.22
4954,112.8,green_zone,7,7.08,3349.95
4955,65.3,green_zone,7,7.54,1262.19
4956,75.5,industrial,2,10.08,2007.4
4957,19.8,university,8,0.2,3839.81
4958,75.1,university,8,4.04,2441.14
4959,54.8,business,12,5.33,2169.73
4960,57.0,riverside,2,6.39,1756.06
4961,65.5,central,23,0.92,6031.4
4962,69.3,business,6,4.65,2613.96
4963,72.3,suburb,18,15.22,777.17
4964,35.8,central,1,1.68,3756.54
4965,63.6,green_zone,5,9.9,3175.69
4966,67.1,old_town,2,3.79,3600.81
4967,36.4,old_town,1,4.42,2280.68
4968,79.9,suburb,12,9.73,1832.81
4969,69.4,central,2,0.8,3338.12
4970,58.0,industrial,15,13.03,1265.29
4971,45.0,suburb,12,8.66,2210.41
4972,80.3,luxury_hills,5,9.9,10702.21
4973,27.6,residential,22,8.71,1440.41
4974,66.4,residential,18,11.62,1216.59
4975,87.4,old_town,8,1.24,2468.97
4976,103.8,riverside,21,3.74,2420.45
4977,88.6,residential,3,11.58,1736.72
4978,59.0,suburb,9,13.26,2129.6
4979,46.7,luxury_hills,11,12.84,6110.41
4980,54.1,riverside,6,6.76,3008.29
4981,63.9,old_town,1,3.63,3822.45
4982,42.1,university,11,4.33,2497.69
4983,59.2,residential,9,6.59,2198.85
4984,67.7,business,1,0.78,2613.08
4985,48.2,residential,6,5.11,2318.47
4986,87.7,suburb,4,12.51,1161.96
4987,64.2,old_town,7,3.54,3789.1
4988,68.3,university,12,8.42,3210.52
4989,60.8,riverside,29,6.17,3358.14
4990,47.6,university,20,3.46,2798.43
4991,79.0,central,25,1.43,5049.43
4992,57.7,residential,11,6.51,1768.71
4993,59.9,business,6,2.93,4678.0
4994,81.5,business,34,1.66,4990.46
4995,38.9,central,1,2.39,4214.84
4996,65.4,central,4,2.24,4340.94
4997,89.7,business,10,2.62,5073.29
4998,62.8,central,9,2.97,3163.6
4999,68.1,university,2,3.72,4238.64
5000,67.6,business,11,2.68,4581.26
5001,35.7,university,3,0.47,3277.72
5002,101.0,residential,12,8.23,2057.02
5003,94.2,riverside,1,7.15,1547.23
5004,74.9,industrial,5,11.38,1186.11
5005,65.4,business,7,2.43,6092.21
5006,36.6,business,24,2.59,5443.04
5007,55.0,university,8,5.56,2453.71
5008,155.7,luxury_hills,6,6.56,25789.15
5009,66.1,business,34,2.63,3106.66
5010,61.5,central,32,1.43,8801.47
5011,56.2,university,1,6.28,1610.71
5012,43.8,university,3,5.06,2577.06
5013,80.0,business,1,3.34,4162.79
5014,51.2,residential,20,9.0,965.24
5015,85.1,old_town,4,1.18,2253.41
5016,42.0,central,35,1.77,2003.7
5017,46.6,central,12,1.75,1850.53
5018,18.0,business,24,3.09,4550.97
5019,61.7,residential,8,9.55,1625.88
5020,101.4,suburb,17,8.16,2034.3
5021,68.0,residential,4,7.78,2990.91
5022,87.0,business,4,2.05,4626.55
5023,63.1,industrial,1,11.15,1009.48
5024,63.2,suburb,11,12.53,1945.36
5025,20.3,riverside,7,3.82,3059.14
5026,120.0,residential,21,10.22,1384.95
5027,88.2,old_town,4,2.75,2527.29
5028,76.8,residential,7,7.15,1956.56
5029,95.2,suburb,8,15.82,2205.33
5030,103.9,luxury_hills,7,12.77,18182.31
5031,89.8,residential,9,8.53,2709.46
5032,51.4,university,10,6.04,1803.31
5033,98.3,suburb,6,8.89,1614.0
5034,29.7,university,8,4.14,3866.31
5035,55.3,university,9,0.33,2926.51
5036,74.8,residential,7,6.73,3622.92
5037,139.5,luxury_hills,12,8.61,15247.19
5038,113.4,business,17,2.43,5238.52
5039,66.0,riverside,20,5.22,3398.7
5040,44.0,university,9,4.02,1250.41
5041,79.6,suburb,8,12.87,1837.9
5042,72.6,old_town,7,1.79,3554.43
5043,55.3,old_town,3,0.72,2810.35
5044,65.9,riverside,25,5.97,2089.88
5045,79.1,suburb,7,7.43,2181.9
5046,72.6,riverside,5,3.53,2665.85
5047,79.9,business,8,2.4,2918.53
5048,35.2,university,4,4.83,1497.68
5049,28.3,university,2,4.8,2033.73
5050,70.0,residential,16,7.58,3741.8
5051,88.4,business,12,2.38,5294.05
5052,115.9,green_zone,2,3.44,3509.07
5053,78.7,residential,11,9.13,3463.82
5054,49.0,business,38,1.69,3661.12
5055,67.1,suburb,2,12.07,951.26
5056,18.0,central,14,2.3,4813.86
5057,56.6,business,39,4.38,3202.73
5058,106.6,old_town,1,2.75,2294.85
5059,98.6,suburb,17,13.59,2386.15
5060,99.1,luxury_hills,14,6.24,11122.74
5061,125.5,old_town,1,1.21,4259.99
5062,71.2,old_town,5,1.68,4336.64
5063,73.1,central,8,1.08,5088.93
5064,119.6,green_zone,11,6.91,4323.84
5065,74.3,suburb,5,8.18,2872.11
5066,44.2,university,6,4.27,2883.51
5067,22.8,business,6,4.81,2401.47
5068,98.3,suburb,8,13.36,3780.04
5069,95.4,suburb,14,12.5,4745.68
5070,81.8,residential,15,5.07,2350.97
5071,47.8,business,34,3.41,3459.14
5072,95.2,green_zone,20,10.04,2271.88
5073,96.9,luxury_hills,9,9.98,13064.0
5074,144.1,luxury_hills,10,11.98,22142.88
5075,52.9,old_town,5,3.83,2169.34
5076,125.6,luxury_hills,11,11.19,12132.75
5077,91.3,university,5,4.37,1830.68
5078,104.0,green_zone,8,10.54,2460.51
5079,63.8,residential,12,11.91,1534.92
5080,97.9,residential,2,8.56,3140.89
5081,106.1,suburb,18,10.21,2327.54
5082,71.5,central,24,0.86,2681.93
5083,18.0,university,12,3.81,3401.11
5084,66.5,central,29,2.51,5198.92
5085,100.4,suburb,10,8.7,1997.37
5086,77.2,residential,3,9.05,2059.63
5087,108.9,suburb,9,9.14,2147.27
5088,97.1,suburb,15,11.22,2805.77
5089,34.3,industrial,6,8.5,1917.15
5090,68.8,industrial,14,8.86,1554.07
5091,57.8,industrial,13,9.24,1871.0
5092,87.3,luxury_hills,7,9.87,9388.16
5093,31.6,residential,7,4.27,3188.98
5094,75.3,residential,12,6.75,1762.02
5095,60.5,central,12,0.86,2829.08
5096,102.2,residential,2,4.33,2359.14
5097,43.8,industrial,4,9.62,1214.76
5098,53.7,central,3,1.42,2316.34
5099,40.8,university,5,1.87,3506.14
5100,107.4,suburb,6,10.57,2309.32
5101,69.9,green_zone,11,10.18,2506.79
5102,41.0,business,7,3.37,3219.71
5103,54.8,residential,10,8.03,837.3
5104,73.2,business,27,3.01,2358.08
5105,54.2,university,15,4.6,1559.35
5106,60.2,central,6,0.94,4496.45
5107,74.0,suburb,5,9.96,1872.01
5108,65.5,central,6,1.31,3306.8
5109,57.4,old_town,7,1.08,2466.76
5110,75.3,old_town,8,0.4,2508.75
5111,76.4,university,18,3.89,2974.71
5112,68.4,central,1,1.61,3256.34
5113,65.4,suburb,10,11.26,2075.76
5114,71.0,riverside,6,5.25,3902.84
5115,117.1,green_zone,2,5.15,2787.19
5116,95.3,suburb,6,14.15,3867.15
5117,47.8,university,7,8.45,3290.69
5118,46.8,university,3,6.45,1967.45
5119,107.1,suburb,8,15.0,1687.96
5120,84.7,central,12,1.24,3032.35
5121,133.9,suburb,10,14.46,680.27
5122,46.5,residential,17,9.09,1458.38
5123,169.5,suburb,4,9.79,1997.19
5124,18.0,university,2,5.45,1933.24
5125,74.5,business,1,3.48,3182.27
5126,24.9,old_town,5,1.82,3298.01
5127,125.9,green_zone,19,6.11,1992.77
5128,121.5,old_town,4,3.91,3933.23
5129,38.0,central,6,1.81,5068.72
5130,42.1,business,10,3.22,2512.65
5131,87.5,riverside,9,3.23,4514.53
5132,84.8,green_zone,12,5.96,5462.66
5133,99.6,suburb,17,8.86,2121.36
5134,74.6,suburb,14,11.53,3021.49
5135,77.5,business,22,2.86,4946.82
5136,60.6,central,11,2.11,4763.05
5137,117.6,green_zone,4,7.88,3434.1
5138,111.5,suburb,12,14.74,1980.81
5139,82.0,riverside,26,4.84,2703.51
5140,53.2,business,10,4.42,4201.97
5141,63.1,business,11,0.35,3922.7
5142,154.6,green_zone,11,9.23,3407.85
5143,25.7,industrial,15,11.17,819.24
5144,134.5,luxury_hills,19,7.93,25157.22
5145,108.5,suburb,16,8.73,1010.08
5146,48.4,old_town,3,1.88,4032.53
5147,102.0,riverside,1,3.61,6944.3
5148,73.5,suburb,4,11.09,1769.56
5149,132.6,riverside,10,3.77,4541.36
5150,119.3,old_town,4,2.56,3920.45
5151,115.3,suburb,7,12.34,2454.13
5152,74.9,suburb,12,14.63,1553.72
5153,111.5,suburb,14,9.33,3365.63
5154,34.4,university,12,7.5,4719.37
5155,60.9,suburb,5,12.15,2352.98
5156,86.0,old_town,8,2.9,2349.82
5157,112.0,old_town,1,3.8,5654.44
5158,52.1,residential,15,7.5,2472.02
5159,32.8,university,12,4.15,3458.68
5160,88.3,suburb,2,12.7,2836.8
5161,52.3,old_town,5,4.35,2501.2
5162,58.6,old_town,7,4.17,1880.79
5163,68.5,industrial,7,9.98,2421.31
5164,48.3,university,6,6.76,2330.24
5165,65.4,business,7,2.85,3342.56
5166,129.9,old_town,1,2.44,5321.19
5167,73.0,residential,10,4.69,3029.68
5168,46.8,suburb,1,10.77,2198.22
5169,40.2,university,9,5.83,2965.93
5170,74.1,riverside,2,8.13,2938.17
5171,62.9,university,2,5.32,2704.54
5172,142.7,luxury_hills,2,10.62,10187.53
5173,67.5,residential,11,8.65,1985.06
5174,79.8,residential,4,5.81,2350.26
5175,80.0,riverside,1,7.19,3816.78
5176,70.4,university,3,2.49,3068.5
5177,136.9,suburb,2,7.98,3241.22
5178,67.4,business,33,3.95,2983.42
5179,59.1,university,7,6.86,3229.44
5180,120.4,suburb,5,16.38,958.19
5181,106.1,residential,14,4.61,2641.18
5182,54.4,residential,4,5.86,1283.99
5183,87.5,suburb,5,8.01,2799.55
5184,56.0,university,20,5.19,2340.75
5185,80.3,suburb,11,11.34,1561.1
5186,102.4,residential,4,5.66,1829.93
5187,88.1,riverside,28,6.83,3243.66
5188,66.3,residential,11,8.44,1346.27
5189,18.3,green_zone,9,3.8,1922.04
5190,37.7,riverside,3,7.48,4460.61
5191,88.2,riverside,3,5.35,3141.09
5192,54.1,old_town,1,2.49,1785.04
5193,28.8,university,8,6.12,2256.85
5194,58.0,suburb,7,13.03,1091.15
5195,25.5,business,4,2.59,2015.87
5196,80.7,industrial,16,8.93,1618.02
5197,55.2,university,12,2.47,5446.9
5198,66.1,university,1,4.26,1858.87
5199,89.4,suburb,11,9.04,1404.72
5200,38.6,riverside,6,7.02,3121.92
5201,41.6,central,24,1.3,3054.9
5202,37.0,university,7,7.44,2063.06
5203,28.6,industrial,6,12.27,1282.94
5204,74.5,residential,4,8.25,1995.39
5205,73.0,residential,1,5.91,2116.36
5206,69.0,business,2,4.18,2793.86
5207,43.3,university,15,1.91,1829.48
5208,34.9,industrial,10,9.4,1526.87
5209,79.6,residential,6,5.23,2503.01
5210,47.7,central,22,0.92,2122.76
5211,68.7,suburb,7,11.12,1498.8
5212,87.7,riverside,16,4.57,3181.49
5213,55.8,industrial,6,14.69,966.86
5214,89.7,suburb,17,5.17,2092.69
5215,66.7,business,29,3.37,3277.82
5216,54.1,central,33,1.59,3924.0
5217,74.5,residential,6,6.25,1919.38
5218,59.8,old_town,2,3.72,1689.66
5219,46.3,university,5,1.37,2723.29
5220,60.0,university,10,5.97,1839.28
5221,78.2,residential,4,7.3,2762.13
5222,51.2,green_zone,8,9.59,3469.52
5223,107.7,suburb,3,15.17,2116.6
5224,33.2,riverside,3,8.19,2952.04
5225,59.7,suburb,12,9.63,6734.43
5226,33.3,central,10,1.11,5298.88
5227,221.9,luxury_hills,1,10.95,29515.37
5228,69.5,riverside,6,5.13,2384.68
5229,65.6,university,3,4.41,2096.99
5230,98.2,suburb,5,7.54,3067.92
5231,62.3,residential,3,7.61,1946.12
5232,55.7,old_town,4,2.47,1661.58
5233,70.1,business,8,2.33,4578.87
5234,50.3,central,1,3.64,3381.26
5235,79.1,suburb,12,12.88,2109.67
5236,68.0,riverside,5,3.32,2727.77
5237,75.2,luxury_hills,18,6.91,8989.34
5238,73.4,business,7,1.54,2528.4
5239,54.4,business,6,1.6,2152.78
5240,53.9,old_town,4,3.11,2408.52
5241,82.8,residential,11,7.92,1588.01
5242,46.7,central,20,1.72,4322.13
5243,83.2,business,2,2.91,4391.58
5244,52.5,industrial,9,7.04,1271.4
5245,47.7,university,7,2.61,825.24
5246,64.7,suburb,2,10.9,1654.7
5247,63.0,business,12,2.87,2391.12
5248,73.4,business,5,2.04,2604.08
5249,71.1,residential,3,10.11,1240.37
5250,55.2,riverside,21,2.86,2864.21
5251,41.1,residential,4,3.07,1728.46
5252,98.1,business,13,2.21,4605.82
5253,48.7,university,9,5.33,2572.92
5254,44.5,university,14,4.27,1968.69
5255,108.9,riverside,24,4.54,1685.91
5256,55.6,industrial,5,8.57,1704.79
5257,89.5,residential,2,4.86,4159.22
5258,95.6,business,3,3.04,2885.37
5259,61.1,suburb,5,7.09,2402.08
5260,50.7,business,10,2.46,2967.48
5261,57.5,industrial,16,13.97,1845.94
5262,50.7,old_town,3,2.42,3167.51
5263,19.5,business,25,2.81,6807.49
5264,22.5,residential,2,7.68,1921.85
5265,49.5,industrial,9,12.8,1379.66
5266,82.4,business,8,3.39,4072.39
5267,129.2,suburb,5,13.45,2325.17
5268,77.3,business,28,2.93,5761.27
5269,76.3,residential,8,10.6,2166.7
5270,83.1,suburb,9,9.3,1877.62
5271,62.3,central,10,2.17,6921.89
5272,82.8,green_zone,8,10.37,3081.39
5273,50.1,residential,21,6.09,1728.5
5274,106.0,old_town,2,1.68,3701.5
5275,25.2,green_zone,5,5.98,2748.0
5276,121.9,old_town,3,1.85,2361.27
5277,36.0,industrial,6,9.58,350.0
5278,72.5,old_town,3,2.66,1670.22
5279,38.0,industrial,3,10.12,1059.47
5280,57.8,central,5,2.03,2045.59
5281,33.7,university,12,5.58,3597.04
5282,60.9,university,12,7.03,2699.57
5283,129.1,green_zone,5,7.91,2745.73
5284,87.6,suburb,13,14.02,1400.27
5285,79.4,central,15,1.41,5749.84
5286,38.9,residential,1,7.26,2012.9
5287,35.6,suburb,4,12.46,1952.6
5288,45.1,business,22,3.68,3166.71
5289,89.4,industrial,5,11.92,1401.54
5290,103.0,business,12,0.2,4373.24
5291,47.2,residential,7,8.2,1646.6
5292,34.1,central,12,1.41,3327.56
5293,38.4,residential,4,5.88,1301.55
5294,118.6,suburb,8,9.26,4032.88
5295,77.8,central,1,1.93,3671.14
5296,61.5,business,7,3.21,3882.68
5297,88.2,old_town,6,3.41,2469.99
5298,65.8,luxury_hills,8,11.91,7592.87
5299,34.9,central,25,0.94,5168.98
5300,53.3,residential,3,5.78,1196.58
5301,104.3,suburb,12,10.92,4033.01
5302,59.3,riverside,4,6.08,2627.69
5303,118.2,residential,3,5.18,1993.94
5304,49.3,industrial,7,6.65,1878.62
5305,84.1,business,7,2.29,4342.91
5306,98.2,green_zone,20,7.55,2472.49
5307,69.5,central,2,1.98,5916.2
5308,61.2,central,13,2.38,4366.86
5309,63.4,residential,7,6.69,2653.05
5310,18.0,industrial,4,10.45,1495.14
5311,71.3,university,2,5.58,1224.58
5312,82.3,university,19,1.8,3527.45
5313,31.8,green_zone,15,8.02,1935.24
5314,82.3,suburb,15,12.58,2098.08
5315,67.9,residential,12,9.27,3208.8
5316,59.8,central,31,1.72,2200.27
5317,83.0,residential,11,10.84,1981.98
5318,80.1,riverside,5,4.0,2305.11
5319,49.4,residential,4,6.4,2127.4
5320,69.5,residential,4,8.95,885.97
5321,68.0,residential,1,6.99,2214.19
5322,115.8,green_zone,8,7.48,1942.03
5323,48.2,industrial,11,5.51,1785.09
5324,60.6,central,22,1.99,6581.94
5325,18.2,university,5,4.88,3650.08
5326,96.1,suburb,2,12.97,2923.55
5327,90.2,residential,14,5.28,1736.2
5328,68.7,central,12,1.85,2502.79
5329,132.8,green_zone,7,5.8,3550.14
5330,78.0,residential,8,8.19,1504.6
5331,91.3,industrial,3,10.11,1181.91
5332,95.8,residential,12,7.14,3295.11
5333,52.3,industrial,2,6.37,614.39
5334,81.7,suburb,1,7.3,1251.97
5335,59.4,industrial,2,8.88,2408.32
5336,24.5,business,5,1.93,3960.09
5337,110.1,riverside,11,5.57,1577.25
5338,86.8,business,10,3.89,3816.18
5339,18.0,residential,8,7.45,1498.93
5340,74.9,green_zone,20,8.4,2432.98
5341,67.2,industrial,13,5.82,576.24
5342,67.0,suburb,12,12.28,2054.95
5343,29.2,central,6,2.97,1592.76
5344,85.2,industrial,6,10.15,2653.26
5345,111.9,suburb,6,14.11,1873.02
5346,89.6,central,3,0.94,3196.11
5347,69.1,old_town,6,1.72,6261.62
5348,105.9,suburb,1,15.46,2564.12
5349,58.8,industrial,7,5.16,1603.78
5350,63.2,central,13,2.42,7232.02
5351,50.9,industrial,5,9.25,350.0
5352,31.5,green_zone,10,7.82,1977.91
5353,61.8,old_town,2,2.01,4637.64
5354,40.0,industrial,1,10.84,2004.88
5355,67.4,central,10,2.01,3768.23
5356,54.9,central,24,0.67,4393.35
5357,39.8,industrial,8,10.81,866.86
5358,42.5,university,2,3.58,1329.85
5359,107.4,green_zone,10,7.68,2643.53
5360,85.6,old_town,8,5.03,2514.48
5361,81.9,central,6,2.03,3037.33
5362,73.9,riverside,8,3.93,3120.01
5363,71.9,industrial,9,5.88,1554.51
5364,53.9,old_town,5,2.45,2520.64
5365,49.0,university,5,0.99,3957.17
5366,45.3,residential,6,9.8,1915.64
5367,29.0,university,3,7.9,5171.21
5368,71.9,residential,6,4.6,3857.53
5369,70.5,industrial,4,9.48,2135.12
5370,57.0,university,3,4.94,2271.06
5371,36.5,suburb,7,6.63,2281.01
5372,18.0,suburb,14,6.98,2891.48
5373,47.1,central,5,1.15,4053.92
5374,114.5,luxury_hills,12,11.4,10267.63
5375,68.6,old_town,4,2.45,3007.26
5376,42.3,university,3,3.64,2837.1
5377,31.0,industrial,3,8.1,1112.53
5378,111.9,suburb,2,12.38,4118.56
5379,95.0,green_zone,1,7.84,1226.83
5380,116.6,riverside,24,4.78,7300.42
5381,70.8,university,19,2.4,1269.56
5382,119.1,residential,18,3.63,1961.15
5383,89.6,green_zone,5,6.68,2531.92
5384,130.5,business,8,2.33,6331.39
5385,57.1,riverside,6,4.65,2188.98
5386,87.0,residential,1,6.94,3254.2
5387,31.9,suburb,17,6.93,2391.05
5388,119.9,luxury_hills,7,9.36,11519.05
5389,42.3,university,12,5.53,1683.54
5390,83.7,residential,12,5.65,953.11
5391,112.0,old_town,5,2.44,2354.29
5392,74.1,suburb,9,16.24,2183.32
5393,79.8,green_zone,4,10.43,2505.83
5394,84.4,business,4,5.03,3603.79
5395,134.3,residential,11,8.42,2791.22
5396,54.7,riverside,2,7.37,3267.05
5397,69.9,suburb,10,8.58,3736.18
5398,33.0,residential,13,8.68,1386.84
5399,94.7,luxury_hills,2,9.54,10170.26
5400,42.1,university,3,4.57,1582.16
5401,61.9,central,3,0.3,6041.13
5402,74.6,industrial,12,8.88,1775.56
5403,67.2,suburb,11,11.41,2529.25
5404,27.4,industrial,11,10.45,1534.45
5405,66.1,industrial,4,7.55,1669.16
5406,122.7,riverside,10,8.45,1505.77
5407,92.5,luxury_hills,25,10.7,8758.68
5408,46.9,university,2,7.19,1902.97
5409,83.5,old_town,2,2.32,3088.31
5410,61.9,central,10,1.33,5768.97
5411,123.8,green_zone,6,7.29,3106.15
5412,58.6,university,4,4.89,2078.09
5413,86.1,luxury_hills,12,5.21,10352.11
5414,42.9,university,19,3.07,2542.25
5415,79.5,central,5,0.31,3847.91
5416,76.0,residential,4,8.11,2591.1
5417,90.1,green_zone,3,13.13,1693.6
5418,111.0,suburb,6,9.54,4072.98
5419,73.5,industrial,10,13.81,1997.45
5420,43.0,university,2,4.2,2288.44
5421,100.2,residential,9,12.15,1927.49
5422,35.1,industrial,14,14.07,1126.26
5423,27.8,university,3,1.31,3284.79
5424,100.4,business,10,4.62,3461.31
5425,34.0,industrial,12,10.23,660.24
5426,53.7,university,1,2.89,2124.31
5427,116.4,residential,5,5.79,2875.4
5428,73.8,industrial,8,8.68,1952.62
5429,90.8,green_zone,12,6.95,2536.11
5430,52.3,university,2,2.82,1380.99
5431,25.3,green_zone,9,6.85,1538.64
5432,36.7,business,3,2.04,4231.26
5433,43.4,old_town,3,2.97,3272.96
5434,55.6,business,22,3.04,3007.69
5435,60.8,central,23,1.01,4788.33
5436,96.3,old_town,8,1.54,4367.32
5437,18.0,university,3,1.93,3979.37
5438,34.5,industrial,9,16.34,831.09
5439,43.1,central,3,2.22,5323.87
5440,73.7,university,5,3.66,4086.26
5441,62.3,university,2,3.9,2474.49
5442,61.3,suburb,6,14.04,2034.75
5443,94.4,green_zone,3,6.43,3344.9
5444,65.1,riverside,8,8.19,2772.45
5445,81.8,old_town,4,2.54,2874.09
5446,121.5,riverside,9,8.52,3012.09
5447,18.0,green_zone,7,7.49,2793.29
5448,47.8,suburb,16,13.05,1658.68
5449,90.4,old_town,6,3.24,4154.11
5450,42.7,residential,16,7.14,2488.76
5451,80.7,suburb,18,9.67,1352.4
5452,137.9,suburb,7,9.75,2480.34
5453,156.5,luxury_hills,23,11.77,16270.13
5454,71.4,residential,10,9.39,2370.97
5455,51.5,central,4,1.0,5081.64
5456,34.2,university,8,4.96,3264.87
5457,40.1,business,8,2.57,2877.26
5458,65.4,suburb,4,13.73,2134.84
5459,18.0,business,8,3.07,3828.8
5460,137.3,luxury_hills,22,11.03,14478.24
5461,88.7,riverside,11,6.42,2963.5
5462,72.1,residential,20,6.5,2036.99
5463,64.6,business,9,3.01,4800.39
5464,50.5,industrial,11,7.7,1566.97
5465,100.7,green_zone,9,6.61,2498.24
5466,44.0,residential,5,6.9,1733.57
5467,78.5,green_zone,11,8.08,4151.89
5468,28.7,industrial,9,10.73,1568.09
5469,42.5,industrial,16,12.75,648.01
5470,34.7,university,11,3.46,5923.2
5471,41.0,suburb,11,12.15,1672.77
5472,62.4,industrial,1,3.26,949.02
5473,47.2,business,5,3.5,3101.06
5474,99.2,suburb,10,14.7,3846.3
5475,59.0,business,12,3.51,3417.73
5476,71.1,residential,7,5.33,1605.69
5477,120.9,suburb,9,10.94,746.49
5478,43.3,suburb,12,6.7,2099.73
5479,36.7,riverside,1,8.91,2161.69
5480,63.8,university,9,5.17,1595.39
5481,102.8,old_town,5,2.96,3343.05
5482,38.3,green_zone,16,6.49,2180.09
5483,97.4,suburb,12,13.26,3201.24
5484,31.0,residential,17,5.97,1057.17
5485,39.1,university,8,4.61,2240.72
5486,110.0,suburb,12,14.71,1287.04
5487,69.7,residential,10,12.01,1867.61
5488,51.3,riverside,7,4.68,3122.0
5489,68.3,residential,2,7.67,1539.15
5490,108.7,residential,3,5.89,3389.85
5491,38.4,residential,10,5.54,1858.64
5492,70.1,residential,18,6.29,2131.0
5493,112.9,residential,5,5.65,2548.06
5494,80.7,riverside,7,8.68,2046.09
5495,56.1,business,3,4.34,3229.82
5496,39.1,residential,7,10.83,821.62
5497,52.1,university,8,7.7,2492.64
5498,75.2,green_zone,20,8.08,2158.73
5499,66.0,suburb,18,14.92,1947.35
5500,30.7,central,3,0.68,3464.26
5501,18.0,suburb,12,14.63,1458.44
5502,69.0,business,40,2.93,3394.43
5503,24.6,business,5,2.13,3265.14
5504,22.1,riverside,7,5.98,2164.76
5505,107.7,riverside,2,6.29,2766.52
5506,49.0,residential,12,6.72,1976.89
5507,106.9,old_town,6,3.42,1670.12
5508,83.4,business,12,1.42,3584.58
5509,85.0,suburb,4,12.03,2866.31
5510,60.8,residential,7,9.86,1126.36
5511,106.3,riverside,5,7.61,4837.22
5512,80.6,business,9,1.68,2910.54
5513,26.3,green_zone,18,7.7,2075.73
5514,59.2,old_town,8,2.31,3917.94
5515,58.6,business,28,3.4,3830.41
5516,77.6,residential,2,6.96,1365.61
5517,88.8,residential,5,4.74,2333.2
5518,82.8,suburb,7,12.04,1204.27
5519,103.0,residential,16,5.01,3737.42
5520,60.3,central,22,0.2,5962.44
5521,94.4,green_zone,8,7.06,3564.34
5522,18.0,university,18,2.68,3161.18
5523,87.6,suburb,14,16.66,1227.15
5524,45.0,central,31,1.63,3387.6
5525,171.2,luxury_hills,4,12.57,14050.55
5526,45.6,business,12,3.37,4662.36
5527,108.9,suburb,4,5.55,2176.41
5528,69.3,industrial,12,8.17,1044.02
5529,138.8,green_zone,11,8.71,2539.02
5530,53.1,industrial,1,12.09,2062.23
5531,57.8,university,7,5.49,2577.65
5532,65.2,green_zone,2,7.98,1913.43
5533,93.5,residential,11,8.24,2386.11
5534,59.4,industrial,12,9.2,1469.92
5535,54.3,old_town,3,2.59,5116.29
5536,82.7,old_town,4,3.66,4026.02
5537,73.8,business,1,2.77,4441.16
5538,44.1,business,26,3.41,3564.87
5539,92.0,riverside,11,4.96,2646.3
5540,71.4,central,9,1.53,4530.71
5541,47.2,residential,6,8.33,1936.53
5542,23.2,riverside,3,5.08,2349.87
5543,64.9,suburb,18,9.29,2310.18
5544,65.3,central,2,0.86,4220.84
5545,109.4,green_zone,2,10.03,3503.94
5546,88.7,green_zone,16,5.26,1523.48
5547,20.9,industrial,10,8.85,2012.12
5548,115.2,suburb,16,16.58,2547.91
5549,113.4,green_zone,12,7.01,3926.02
5550,71.1,residential,1,7.4,2281.69
5551,38.9,university,3,5.93,2380.22
5552,138.4,residential,16,8.78,1684.25
5553,150.8,luxury_hills,20,10.26,18004.65
5554,78.5,green_zone,9,8.0,2875.04
5555,32.0,university,6,4.83,7365.04
5556,76.1,central,8,2.05,3500.11
5557,82.0,residential,12,5.78,3330.82
5558,68.0,residential,19,4.23,2296.32
5559,36.7,central,12,2.32,2856.6
5560,77.6,riverside,5,3.43,2783.24
5561,54.3,green_zone,10,7.56,2317.08
5562,77.7,central,6,2.84,3611.71
5563,43.6,university,13,4.89,1946.04
5564,136.0,suburb,12,9.94,1105.99
5565,67.4,residential,5,7.04,2364.86
5566,43.2,luxury_hills,6,8.91,6889.79
5567,64.8,old_town,6,3.63,2681.61
5568,118.1,residential,4,5.8,2715.63
5569,43.6,university,1,4.49,1234.35
5570,34.1,riverside,1,6.5,1967.46
5571,82.2,residential,18,3.86,2859.99
5572,82.8,industrial,13,12.81,1150.18
5573,74.1,riverside,2,5.59,2588.09
5574,54.3,residential,2,6.0,2477.59
5575,45.0,university,9,4.0,2365.74
5576,79.3,business,4,3.08,2894.99
5577,141.1,residential,21,5.53,3031.51
5578,22.8,riverside,6,5.95,2917.3
5579,98.3,green_zone,13,8.3,3387.21
5580,78.5,old_town,5,1.93,2433.55
5581,96.7,central,3,2.31,2979.02
5582,43.6,green_zone,20,5.43,2122.92
5583,49.3,business,25,3.68,4044.98
5584,112.2,residential,11,8.4,3503.61
5585,44.7,business,3,3.06,4324.57
5586,24.6,riverside,7,3.25,1909.03
5587,72.7,residential,8,4.85,2139.63
5588,48.4,university,9,4.66,1915.33
5589,62.5,industrial,15,10.4,406.28
5590,51.6,university,19,5.72,2162.47
5591,64.3,industrial,16,13.81,1132.89
5592,96.2,residential,16,3.47,3161.56
5593,36.1,university,8,5.9,2727.17
5594,18.0,riverside,2,7.84,2341.49
5595,83.3,university,7,3.49,3468.68
5596,51.6,suburb,4,13.69,2740.84
5597,78.9,business,34,2.99,3869.99
5598,46.2,industrial,4,8.59,1462.17
5599,36.7,university,20,5.84,1714.44
5600,82.2,business,13,4.35,3884.61
5601,38.8,university,5,5.4,1636.47
5602,56.6,industrial,3,7.48,1043.1
5603,67.0,business,4,1.44,3402.67
5604,39.0,old_town,3,3.38,2718.33
5605,60.8,residential,5,4.97,2481.7
5606,54.1,business,32,2.37,6515.14
5607,75.6,suburb,1,10.0,677.82
5608,79.5,industrial,1,11.12,1395.22
5609,76.3,university,4,3.53,1941.82
5610,82.3,suburb,9,14.55,1127.86
5611,81.6,suburb,14,7.84,1623.82
5612,82.6,old_town,3,0.7,3235.06
5613,75.8,business,23,2.78,5101.81
5614,35.6,green_zone,8,8.67,2152.23
5615,83.6,industrial,10,10.35,1402.36
5616,133.3,luxury_hills,9,9.88,15764.71
5617,36.8,industrial,12,7.98,1707.1
5618,86.6,riverside,26,2.82,1193.71
5619,70.6,business,3,1.38,3484.0
5620,31.4,residential,4,3.29,2032.21
5621,68.7,old_town,6,2.15,2227.02
5622,102.9,residential,8,6.45,2288.05
5623,19.3,residential,5,5.17,1951.77
5624,78.8,central,4,1.22,3226.03
5625,41.2,university,10,4.94,2576.16
5626,74.1,business,20,3.16,3585.42
5627,39.4,industrial,9,9.43,850.41
5628,102.6,luxury_hills,2,10.87,8379.59
5629,29.1,university,3,6.83,2553.45
5630,121.2,suburb,5,15.8,3512.23
5631,49.0,residential,4,7.92,2534.97
5632,70.4,business,12,2.96,3771.72
5633,68.3,industrial,8,14.85,628.15
5634,29.3,residential,13,8.62,1083.29
5635,23.0,university,1,3.43,3594.07
5636,58.2,residential,8,7.85,1973.28
5637,105.3,green_zone,4,4.35,2201.14
5638,78.2,industrial,2,11.47,1231.51
5639,110.1,old_town,7,1.66,2511.7
5640,51.3,central,12,2.81,2732.57
5641,121.4,suburb,13,13.49,1313.24
5642,59.3,industrial,4,7.62,1936.24
5643,72.9,industrial,13,11.11,6544.8
5644,45.8,residential,2,12.1,1060.92
5645,102.0,suburb,12,11.24,1537.23
5646,94.6,green_zone,10,10.79,1158.93
5647,52.9,central,4,2.19,3526.93
5648,69.4,business,6,2.43,4158.64
5649,199.4,luxury_hills,10,5.06,21831.14
5650,114.7,green_zone,11,7.83,2568.64
5651,57.0,university,5,4.41,2120.02
5652,46.6,suburb,17,14.68,1847.88
5653,115.6,suburb,8,13.48,1504.95
5654,99.3,residential,7,4.48,2973.58
5655,76.3,old_town,5,3.35,3818.36
5656,34.0,industrial,15,5.78,350.0
5657,74.4,old_town,2,0.81,4171.44
5658,61.2,business,2,3.76,1069.69
5659,71.0,old_town,5,1.99,4658.4
5660,86.9,central,3,1.61,4947.56
5661,62.3,university,4,1.51,3383.65
5662,66.0,business,8,3.56,3060.08
5663,96.5,residential,4,3.01,2671.34
5664,69.0,industrial,2,11.87,1700.91
5665,120.2,green_zone,12,10.64,2133.23
5666,97.1,old_town,1,2.73,1845.36
5667,61.0,industrial,12,10.72,2159.63
5668,63.8,residential,1,3.69,566.22
5669,110.6,green_zone,1,10.72,2041.49
5670,126.4,green_zone,12,6.61,2475.8
5671,49.7,central,32,1.47,4287.48
5672,52.1,industrial,7,13.89,645.75
5673,40.2,residential,10,8.36,1678.81
5674,59.4,old_town,7,3.03,3636.95
5675,40.9,central,14,1.89,2789.45
5676,42.5,industrial,5,8.36,1719.18
5677,72.6,riverside,4,7.7,2780.16
5678,43.9,riverside,9,7.03,1943.09
5679,77.1,green_zone,18,7.13,3507.03
5680,48.2,residential,10,5.26,2525.29
5681,129.3,luxury_hills,11,10.37,12765.66
5682,54.1,business,10,4.35,2270.12
5683,29.2,university,12,8.07,3432.27
5684,73.0,central,30,3.18,5969.89
5685,52.1,university,12,2.69,2770.57
5686,58.7,residential,19,7.21,2958.61
5687,133.8,luxury_hills,13,14.95,12897.1
5688,47.2,riverside,22,5.26,3209.14
5689,48.5,green_zone,1,7.88,2933.27
5690,79.5,suburb,13,10.64,3321.73
5691,56.1,riverside,7,5.51,1237.88
5692,93.2,riverside,6,4.75,4373.85
5693,78.0,suburb,4,11.75,3920.11
5694,137.5,luxury_hills,10,9.54,23785.33
5695,28.1,old_town,5,2.04,2310.7
5696,48.0,riverside,11,5.46,2936.69
5697,49.4,green_zone,4,5.52,2390.1
5698,52.0,university,9,3.07,2454.23
5699,65.7,industrial,13,10.37,1881.49
5700,105.1,suburb,15,12.88,451.89
5701,91.2,green_zone,2,7.5,4769.38
5702,76.0,riverside,26,5.37,3567.2
5703,31.6,residential,9,3.69,2388.58
5704,61.7,residential,1,6.4,1638.44
5705,88.0,business,10,3.56,1827.16
5706,89.9,old_town,3,1.8,1166.86
5707,71.3,riverside,10,3.95,4938.76
5708,64.0,residential,3,4.76,3423.18
5709,58.8,university,9,7.26,2222.23
5710,67.7,suburb,9,11.01,2219.9
5711,70.4,old_town,6,2.45,3848.43
5712,49.2,business,1,3.6,3424.47
5713,79.7,suburb,4,11.77,1929.13
5714,74.1,old_town,8,1.58,1838.24
5715,44.6,residential,16,5.97,2374.26
5716,48.1,university,19,5.5,2728.37
5717,108.5,luxury_hills,4,8.32,13953.39
5718,60.0,university,9,3.18,2055.64
5719,54.3,industrial,4,13.37,515.54
5720,18.0,university,3,4.46,3057.55
5721,36.9,riverside,24,5.02,2319.03
5722,53.5,suburb,12,10.85,1825.98
5723,77.7,residential,22,5.5,1444.56
5724,108.8,residential,1,10.51,2416.31
5725,66.6,riverside,14,7.36,3274.65
5726,38.8,central,25,0.2,5232.64
5727,54.0,suburb,18,10.02,1458.77
5728,39.3,suburb,2,11.26,2205.98
5729,42.2,university,9,2.46,3887.4
5730,84.7,residential,1,6.34,1256.34
5731,69.1,riverside,11,6.07,2336.55
5732,18.0,industrial,6,9.44,1989.73
5733,69.3,riverside,13,6.5,3241.46
5734,137.5,suburb,8,10.33,1117.3
5735,64.6,university,10,2.06,2677.3
5736,66.0,central,8,0.2,5424.92
5737,61.3,central,6,0.2,3854.06
5738,70.7,business,13,2.33,5310.61
5739,67.7,riverside,18,2.88,2217.52
5740,62.9,business,3,3.96,2475.69
5741,162.0,luxury_hills,5,8.02,15473.22
5742,81.0,suburb,2,15.36,1473.58
5743,102.3,suburb,11,13.17,1473.47
5744,187.3,suburb,16,9.83,6455.2
5745,100.1,riverside,1,3.01,3775.73
5746,29.6,industrial,11,10.15,1124.88
5747,75.5,suburb,1,10.31,1240.5
5748,68.6,suburb,15,19.73,2097.32
5749,64.4,luxury_hills,1,10.64,7886.66
5750,96.6,residential,2,6.56,1669.73
5751,43.2,university,18,5.9,2413.77
5752,81.9,residential,9,8.06,1895.92
5753,47.9,business,33,5.05,4855.42
5754,51.5,university,18,1.24,2187.35
5755,18.0,suburb,12,12.85,1803.21
5756,76.5,business,5,2.69,5059.6
5757,87.0,suburb,8,13.28,2549.7
5758,77.4,suburb,3,11.06,2229.74
5759,73.5,old_town,7,1.77,1641.22
5760,99.7,residential,10,6.9,3593.69
5761,108.9,suburb,9,11.57,2206.37
5762,55.1,central,33,2.99,3648.4
5763,49.5,university,9,2.86,3074.89
5764,99.6,residential,10,6.49,2547.64
5765,48.9,industrial,3,11.75,964.06
5766,87.6,residential,2,8.73,1356.17
5767,64.4,university,9,4.86,2392.66
5768,75.1,green_zone,17,4.22,3149.7
5769,71.0,industrial,12,10.6,1157.89
5770,52.4,riverside,7,6.2,2957.51
5771,39.4,central,10,2.29,5049.19
5772,37.3,university,12,6.3,3738.87
5773,43.7,business,1,2.01,4357.81
5774,41.9,central,5,1.13,3429.86
5775,122.3,riverside,22,7.85,3696.39
5776,47.3,university,12,2.67,1474.18
5777,54.2,riverside,15,5.23,4564.91
5778,72.9,riverside,27,3.21,2957.41
5779,79.1,old_town,2,3.0,3581.29
5780,73.9,residential,2,7.51,918.37
5781,83.0,green_zone,19,4.54,3380.52
5782,68.3,industrial,13,12.89,1689.18
5783,69.9,university,6,3.5,2836.48
5784,157.0,suburb,12,13.34,1977.36
5785,44.6,university,3,4.31,1028.21
5786,18.0,university,15,7.79,2455.77
5787,99.7,suburb,14,14.24,2561.82
5788,54.7,riverside,8,6.26,4273.45
5789,48.0,riverside,3,6.25,2510.52
5790,28.2,green_zone,20,8.22,2767.55
5791,50.2,central,25,2.0,4516.17
5792,36.6,business,9,3.02,3097.9
5793,89.1,old_town,2,1.17,3682.09
5794,18.2,residential,10,9.42,1805.3
5795,37.1,suburb,3,9.34,2248.78
5796,57.4,central,10,0.2,8374.98
5797,74.9,industrial,13,11.67,2155.01
5798,110.6,residential,6,10.26,2782.04
5799,93.3,riverside,9,6.93,6164.5
5800,61.0,business,33,3.35,3129.77
5801,74.6,old_town,1,3.04,5791.86
5802,90.4,business,7,3.68,3213.03
5803,68.7,business,39,3.18,4780.23
5804,55.0,business,7,3.37,2434.38
5805,95.6,suburb,9,12.56,2674.44
5806,66.6,business,3,2.19,3389.32
5807,85.2,green_zone,12,3.37,3876.5
5808,50.5,business,11,3.11,4718.93
5809,119.8,suburb,11,11.14,1726.08
5810,28.6,central,4,2.41,5998.5
5811,50.0,residential,20,0.72,2819.27
5812,59.7,university,12,7.32,2813.21
5813,52.2,industrial,6,9.0,899.11
5814,80.0,old_town,1,3.37,2503.09
5815,68.9,residential,11,6.39,2369.52
5816,107.6,green_zone,5,4.25,2603.98
5817,39.6,central,29,1.26,3385.28
5818,61.6,old_town,1,1.74,2045.28
5819,110.2,residential,9,2.59,1592.81
5820,66.9,business,19,2.75,7151.44
5821,33.9,residential,12,5.72,1808.03
5822,40.1,business,14,1.79,3983.86
5823,76.4,business,19,3.05,3490.53
5824,86.0,residential,10,10.2,2064.87
5825,43.4,central,11,2.03,3526.73
5826,64.2,suburb,14,14.36,1405.53
5827,39.2,university,2,6.7,2245.51
5828,118.5,riverside,1,4.71,2299.14
5829,56.4,business,8,4.73,4501.29
5830,94.3,residential,3,5.18,3021.56
5831,42.8,industrial,2,7.35,874.95
5832,85.6,suburb,8,11.34,2399.25
5833,42.7,business,16,2.18,4347.38
5834,47.4,residential,18,5.52,2622.94
5835,40.7,residential,13,6.47,1170.02
5836,89.7,business,10,2.04,5587.02
5837,50.5,central,2,1.27,4759.01
5838,109.0,old_town,1,1.13,6244.94
5839,59.4,riverside,11,2.22,2796.46
5840,48.8,business,11,3.5,3512.47
5841,117.7,luxury_hills,16,10.59,14994.0
5842,36.0,central,4,2.56,3994.86
5843,50.1,university,4,3.63,2537.81
5844,63.2,suburb,2,10.62,2237.39
5845,94.5,luxury_hills,12,11.37,9161.76
5846,191.4,luxury_hills,15,8.19,26682.13
5847,45.6,riverside,6,7.41,2118.4
5848,80.0,green_zone,4,6.63,2990.92
5849,84.3,old_town,2,2.14,2658.85
5850,49.5,university,20,3.94,2307.42
5851,65.9,riverside,10,4.23,3870.32
5852,87.4,old_town,1,2.24,4818.1
5853,43.4,old_town,3,3.61,3193.98
5854,42.3,central,12,3.23,4761.76
5855,121.0,residential,3,6.62,2432.29
5856,56.0,university,11,4.36,3911.52
5857,58.7,university,8,4.11,3489.89
5858,62.0,suburb,10,14.64,1256.79
5859,80.9,green_zone,11,4.2,2633.62
5860,127.0,suburb,7,6.87,2540.75
5861,18.9,central,4,1.98,3496.01
5862,65.9,central,4,2.16,6617.74
5863,62.4,university,3,5.99,2536.97
5864,90.2,business,12,3.62,4516.78
5865,81.9,industrial,9,10.97,882.98
5866,102.2,residential,19,8.91,1906.76
5867,97.0,green_zone,10,4.25,1677.41
5868,46.8,residential,1,7.56,1791.5
5869,19.0,central,5,1.78,6031.24
5870,71.6,residential,12,10.4,1224.4
5871,81.3,business,26,2.6,3446.67
5872,22.2,university,13,3.58,3433.22
5873,63.7,luxury_hills,11,11.54,9854.15
5874,68.1,university,11,3.05,1861.17
5875,26.1,central,35,0.61,4533.62
5876,92.3,old_town,4,1.83,2928.96
5877,92.0,green_zone,9,8.22,2004.42
5878,104.8,residential,6,7.5,2430.41
5879,127.1,suburb,10,10.48,4749.79
5880,48.2,central,31,1.28,3690.55
5881,24.1,industrial,5,9.34,1875.39
5882,31.6,green_zone,5,10.16,2497.52
5883,44.4,residential,14,6.24,2208.86
5884,78.8,suburb,9,10.76,1829.64
5885,52.0,business,1,3.87,3059.24
5886,57.9,riverside,3,3.05,3321.35
5887,61.5,riverside,11,3.76,2811.61
5888,52.6,residential,5,5.78,2671.9
5889,87.9,suburb,4,6.68,1560.48
5890,154.9,suburb,10,13.33,350.0
5891,112.0,old_town,5,2.71,4900.51
5892,31.4,university,10,3.57,2991.13
5893,57.9,old_town,2,4.24,2287.3
5894,75.1,residential,18,4.81,1361.27
5895,52.2,central,3,0.2,2546.03
5896,108.9,residential,12,7.09,2833.5
5897,69.2,riverside,4,4.3,1166.77
5898,32.7,green_zone,5,8.97,3035.44
5899,59.3,suburb,2,17.7,1363.04
5900,90.7,residential,1,7.99,2261.48
5901,33.2,residential,6,10.39,1134.41
5902,41.2,university,5,7.66,2487.85
5903,106.8,green_zone,5,10.81,3537.68
5904,67.0,university,10,2.15,3380.51
5905,58.7,industrial,14,13.8,419.48
5906,56.8,industrial,5,9.96,1314.42
5907,50.1,business,4,3.1,3284.43
5908,90.0,business,3,2.56,3388.35
5909,75.0,residential,22,6.81,2192.69
5910,61.4,central,13,0.39,4766.83
5911,33.2,university,5,4.33,2971.91
5912,40.6,university,9,0.2,3240.85
5913,84.6,business,29,2.47,4425.18
5914,31.0,industrial,15,9.09,888.06
5915,69.7,residential,5,6.15,2846.13
5916,90.1,suburb,1,9.09,2758.48
5917,57.7,central,35,1.3,5475.56
5918,47.3,residential,1,2.77,3118.22
5919,94.5,suburb,4,11.94,1491.65
5920,77.1,business,7,4.6,6120.55
5921,53.7,university,17,6.81,1602.01
5922,99.8,suburb,4,7.98,1485.7
5923,72.6,university,14,5.18,1405.56
5924,18.0,residential,7,9.78,1867.57
5925,58.1,old_town,5,1.98,2797.8
5926,69.6,business,25,1.53,5697.05
5927,97.8,old_town,5,2.09,3025.2
5928,73.8,residential,5,8.11,1503.36
5929,39.7,residential,14,7.84,1983.23
5930,52.8,central,8,1.08,3201.82
5931,73.2,suburb,11,10.34,3282.52
5932,18.0,business,2,2.35,4404.18
5933,40.2,university,8,1.53,2169.68
5934,61.6,residential,8,6.0,1364.03
5935,47.3,university,2,4.32,1777.65
5936,65.8,industrial,12,8.31,2021.69
5937,67.5,central,2,1.64,2220.12
5938,58.5,central,4,2.11,2860.07
5939,60.8,business,7,2.91,3880.37
5940,88.5,university,3,1.9,4306.17
5941,23.7,university,18,5.83,2608.25
5942,75.0,business,19,2.18,6380.17
5943,56.8,residential,12,6.37,1945.14
5944,30.8,university,12,4.2,5677.69
5945,84.2,green_zone,20,9.71,3198.35
5946,64.5,residential,2,5.4,1961.65
5947,86.3,old_town,3,2.24,2024.96
5948,47.2,suburb,11,15.55,1972.32
5949,103.3,residential,4,4.61,3528.04
5950,39.3,residential,12,7.51,1819.92
5951,95.3,residential,4,6.26,3043.77
5952,38.4,university,19,2.4,1946.2
5953,85.7,residential,5,10.18,691.77
5954,63.2,old_town,8,1.94,4541.11
5955,61.1,industrial,12,10.63,1494.32
5956,87.9,old_town,4,2.12,4101.55
5957,58.8,riverside,3,6.35,3494.62
5958,104.6,green_zone,2,8.14,3107.98
5959,60.2,university,6,6.89,2796.69
5960,39.1,industrial,3,11.38,884.62
5961,97.1,riverside,17,4.5,3364.39
5962,172.8,luxury_hills,2,16.71,16423.51
5963,105.5,green_zone,8,9.13,2836.25
5964,117.6,suburb,14,4.64,1704.71
5965,50.0,industrial,2,10.83,2206.99
5966,126.9,suburb,10,10.89,2015.83
5967,68.2,university,7,5.15,2587.43
5968,53.3,riverside,1,5.39,2452.29
5969,64.2,suburb,9,10.37,2836.55
5970,60.2,riverside,8,8.03,1918.75
5971,25.4,central,3,2.44,1830.83
5972,54.5,residential,11,10.0,369.66
5973,141.3,luxury_hills,5,9.96,12104.77
5974,68.7,suburb,18,15.43,1400.94
5975,48.8,residential,12,6.98,1865.3
5976,30.6,university,6,5.48,3071.58
5977,32.6,suburb,2,14.12,2294.66
5978,71.7,industrial,14,11.53,2331.55
5979,90.9,residential,1,12.18,2902.53
5980,18.0,central,15,1.14,5144.88
5981,77.5,old_town,3,2.0,2517.57
5982,118.3,green_zone,4,10.35,1363.76
5983,27.2,residential,2,6.33,1624.77
5984,58.1,industrial,11,12.68,1043.02
5985,91.7,luxury_hills,9,5.0,11175.15
5986,50.4,central,8,2.1,4470.43
5987,63.7,residential,3,7.28,2265.97
5988,22.9,industrial,12,10.18,1088.53
5989,68.9,university,8,4.93,1981.31
5990,26.4,central,2,0.2,4284.45
5991,50.6,central,25,1.86,10319.78
5992,83.4,suburb,8,10.46,3060.3
5993,85.8,residential,3,6.56,2126.52
5994,102.9,suburb,9,6.28,1746.04
5995,47.2,university,3,4.52,1897.08
5996,75.2,central,15,0.2,4022.17
5997,51.5,industrial,4,11.24,702.87
5998,55.3,industrial,9,10.19,1211.65
5999,51.1,residential,4,8.0,1864.73
6000,52.3,university,11,4.14,1526.56
6001,48.9,university,12,3.59,4602.37
6002,90.7,green_zone,16,7.91,2070.08
6003,97.8,suburb,1,13.46,2518.06
6004,71.9,business,39,3.48,4163.45
6005,18.0,business,18,2.34,3866.57
6006,76.7,central,5,2.02,2705.86
6007,98.4,residential,3,7.99,2363.09
6008,74.2,university,6,5.91,2487.18
6009,116.3,old_town,8,2.3,4196.07
6010,18.0,central,4,2.2,5082.1
6011,48.8,suburb,10,13.01,2049.24
6012,96.9,industrial,3,10.64,1604.49
6013,33.6,suburb,5,15.95,1532.44
6014,49.9,green_zone,20,5.75,2138.28
6015,98.1,suburb,2,15.87,3852.92
6016,18.0,business,19,1.75,5131.01
6017,94.7,luxury_hills,8,3.36,17987.59
6018,91.9,industrial,14,8.97,3334.55
6019,59.3,central,2,2.2,4217.7
6020,66.3,university,4,1.3,2233.06
6021,112.6,green_zone,12,7.55,903.46
6022,75.2,old_town,1,3.71,4152.42
6023,69.3,business,9,2.29,3655.17
6024,103.0,residential,8,9.17,2086.28
6025,53.9,green_zone,7,9.54,1578.74
6026,68.5,residential,7,6.33,2089.05
6027,71.3,riverside,6,5.1,2390.25
6028,75.3,suburb,18,14.88,2223.43
6029,43.9,central,2,1.38,4420.55
6030,18.0,business,9,1.98,3711.38
6031,18.0,green_zone,15,9.46,1486.98
6032,78.4,central,7,1.22,5061.09
6033,56.2,suburb,5,11.92,1555.11
6034,73.6,industrial,16,6.7,1667.1
6035,80.5,business,15,1.97,4864.27
6036,119.2,luxury_hills,13,11.95,9949.85
6037,260.0,luxury_hills,15,8.54,62994.81
6038,101.8,suburb,6,9.06,2390.02
6039,44.4,old_town,1,2.68,3649.46
6040,47.1,university,8,2.57,1998.11
6041,56.3,industrial,5,15.18,350.0
6042,73.9,residential,8,10.5,2972.39
6043,45.5,central,13,1.83,6785.71
6044,76.7,suburb,3,11.68,2074.39
6045,50.4,business,1,2.52,2625.26
6046,58.7,business,36,4.46,3168.09
6047,60.6,riverside,2,8.08,2445.19
6048,43.7,university,10,4.25,2756.75
6049,76.1,green_zone,6,5.66,4220.8
6050,65.5,green_zone,20,9.51,2033.31
6051,76.7,riverside,5,5.43,3922.51
6052,73.8,industrial,2,9.03,1738.14
6053,81.7,suburb,1,13.51,1980.31
6054,55.9,university,6,7.1,2366.91
6055,39.2,university,9,7.72,1932.81
6056,90.2,central,12,2.88,4203.22
6057,69.3,luxury_hills,11,10.54,6755.5
6058,64.5,residential,9,9.91,2272.2
6059,53.7,business,12,1.59,4036.82
6060,63.8,residential,21,7.35,1461.72
6061,28.5,residential,14,5.24,2284.97
6062,169.9,suburb,9,9.55,3510.26
6063,79.4,riverside,11,6.66,3151.56
6064,21.7,central,23,1.14,6044.77
6065,45.0,university,10,5.16,2950.27
6066,106.6,central,8,1.68,2945.93
6067,74.8,old_town,8,2.54,1354.38
6068,44.8,business,7,3.51,5948.05
6069,107.6,old_town,4,1.08,3950.16
6070,94.5,riverside,8,5.72,3338.65
6071,101.2,suburb,3,12.43,1933.8
6072,39.0,university,4,5.72,2740.7
6073,99.9,residential,12,7.76,1888.66
6074,74.7,suburb,7,10.78,2809.16
6075,45.3,industrial,10,11.51,486.69
6076,58.4,residential,12,2.62,2796.5
6077,53.7,university,10,1.99,2201.11
6078,35.1,residential,21,6.23,2121.11
6079,63.6,business,12,3.23,3878.7
6080,58.6,residential,4,6.65,2353.14
6081,65.8,green_zone,5,9.25,2033.35
6082,53.3,residential,2,9.21,2476.94
6083,68.6,suburb,7,9.67,3286.46
6084,32.0,residential,16,2.83,538.9
6085,83.5,old_town,2,2.69,2796.76
6086,56.2,industrial,9,11.27,2131.08
6087,26.7,central,12,1.36,4102.3
6088,103.2,suburb,10,12.45,1569.8
6089,83.0,industrial,11,5.95,1297.12
6090,24.8,central,9,0.79,6131.82
6091,42.0,university,16,1.98,2085.11
6092,65.7,industrial,10,8.68,2088.15
6093,101.1,old_town,2,4.05,4078.02
6094,83.9,industrial,14,11.25,1344.31
6095,57.3,suburb,4,11.46,1875.83
6096,64.8,business,1,2.99,4149.99
6097,161.2,luxury_hills,8,9.0,23186.07
6098,33.5,industrial,1,11.83,1056.16
6099,108.5,business,3,2.49,5889.6
6100,87.8,luxury_hills,9,6.77,9279.36
6101,30.6,university,4,3.81,2682.05
6102,84.8,green_zone,1,4.15,1720.65
6103,95.2,business,1,3.36,5108.88
6104,36.8,industrial,6,9.69,350.0
6105,63.0,central,10,1.79,2753.84
6106,90.4,green_zone,6,4.7,4548.08
6107,77.4,business,17,3.93,5074.61
6108,63.5,riverside,19,7.93,1892.43
6109,58.3,residential,6,9.43,1797.65
6110,43.7,residential,22,6.39,1514.07
6111,80.3,suburb,5,10.92,917.87
6112,103.2,residential,11,8.52,2220.85
6113,68.9,riverside,2,6.02,3576.89
6114,71.0,industrial,14,8.9,1866.14
6115,43.6,central,2,0.2,4919.99
6116,55.3,business,5,2.59,3424.99
6117,18.0,business,15,2.64,2490.2
6118,34.7,residential,9,9.44,1264.34
6119,110.2,suburb,6,10.75,2246.37
6120,52.1,old_town,7,2.27,2091.02
6121,55.7,central,16,0.5,5828.7
6122,102.4,business,6,1.88,3898.94
6123,89.8,old_town,8,4.74,1949.57
6124,45.8,riverside,1,7.17,2005.02
6125,52.1,riverside,3,5.01,2645.81
6126,88.1,suburb,11,10.17,2505.63
6127,32.4,riverside,8,5.96,1949.8
6128,66.2,suburb,12,7.36,2473.36
6129,46.1,business,3,1.57,5601.95
6130,126.7,suburb,15,11.99,1132.48
6131,104.2,suburb,8,8.79,2141.12
6132,108.0,luxury_hills,8,7.93,12315.21
6133,73.3,suburb,12,9.32,2073.46
6134,84.3,old_town,1,2.26,3032.58
6135,61.5,industrial,11,7.88,3020.72
6136,74.3,residential,14,4.9,3127.38
6137,75.1,business,2,0.2,5438.81
6138,28.0,university,1,5.95,3038.49
6139,70.1,residential,4,6.98,2334.65
6140,68.0,industrial,2,6.67,1687.27
6141,42.1,university,11,4.15,1975.22
6142,85.4,suburb,10,8.33,1762.71
6143,70.7,industrial,16,9.53,1669.89
6144,59.7,residential,3,9.24,1703.47
6145,37.7,university,12,7.82,2502.81
6146,119.3,suburb,17,14.99,2038.88
6147,31.0,green_zone,12,2.77,1776.43
6148,67.7,university,7,3.19,3348.53
6149,62.6,central,3,0.2,5290.44
6150,44.3,business,29,3.58,5418.11
6151,42.9,residential,5,7.72,1998.41
6152,38.0,central,1,0.93,3265.36
6153,18.0,riverside,7,6.34,2335.79
6154,50.3,business,7,4.47,2328.44
6155,67.9,suburb,1,10.03,2201.31
6156,50.4,residential,20,6.22,2270.56
6157,55.7,old_town,6,2.14,2293.97
6158,64.5,industrial,5,13.37,2286.83
6159,46.8,central,6,0.2,2252.25
6160,58.8,residential,2,13.27,2170.38
6161,171.7,luxury_hills,5,10.05,26197.78
6162,41.0,old_town,6,3.35,2542.72
6163,28.9,suburb,15,7.46,1952.64
6164,39.6,university,10,2.55,2666.98
6165,86.3,suburb,5,9.17,1598.39
6166,91.6,riverside,13,5.82,2124.13
6167,18.0,green_zone,13,6.45,2368.52
6168,77.1,residential,1,10.35,1689.94
6169,75.5,central,10,1.53,3617.15
6170,55.7,industrial,13,6.24,1677.59
6171,117.1,riverside,6,6.77,2722.69
6172,65.2,industrial,7,11.67,1264.38
6173,108.0,suburb,13,12.82,3277.67
6174,83.6,residential,3,8.99,867.81
6175,33.4,suburb,14,9.17,1313.78
6176,39.2,central,5,2.5,3638.03
6177,27.9,business,16,3.51,4438.54
6178,61.6,central,10,1.6,5889.91
6179,81.8,riverside,3,5.75,1940.9
6180,50.9,central,2,1.42,2702.61
6181,39.3,university,17,9.51,850.31
6182,57.5,industrial,1,12.01,2161.92
6183,48.8,residential,2,8.29,1516.05
6184,36.2,old_town,4,3.49,2988.07
6185,85.3,business,26,2.49,4764.49
6186,58.2,old_town,1,3.67,2549.25
6187,70.0,business,10,0.99,2833.81
6188,69.0,riverside,12,4.39,3415.62
6189,91.9,business,3,2.52,4434.24
6190,64.3,industrial,5,11.44,1386.86
6191,87.4,business,8,2.34,2477.12
6192,54.9,residential,12,8.81,2192.98
6193,94.7,suburb,7,7.13,4314.94
6194,71.6,residential,3,8.4,1809.56
6195,73.2,green_zone,20,7.98,1843.2
6196,104.6,luxury_hills,8,13.6,10036.5
6197,71.6,old_town,3,2.94,3743.04
6198,79.0,business,8,4.04,3766.39
6199,107.5,suburb,7,16.5,3010.63
6200,65.6,residential,10,6.66,1392.68
6201,60.9,central,10,0.4,3372.79
6202,79.3,business,10,3.84,3866.94
6203,69.7,central,11,3.04,4718.07
6204,45.9,university,4,5.3,3341.31
6205,99.1,old_town,6,1.91,3706.29
6206,88.7,industrial,4,10.19,3712.18
6207,58.4,riverside,24,5.87,2592.24
6208,46.7,riverside,4,6.41,2639.13
6209,83.4,business,3,1.82,2836.71
6210,18.0,university,13,5.52,1990.88
6211,41.9,university,1,5.83,1239.14
6212,121.8,luxury_hills,4,9.54,14478.64
6213,84.4,residential,10,4.82,2613.78
6214,34.7,residential,20,7.31,1526.1
6215,54.9,industrial,6,11.6,1866.13
6216,127.5,luxury_hills,11,5.34,13039.88
6217,56.1,industrial,6,6.12,1644.1
6218,145.2,luxury_hills,24,9.32,14750.83
6219,90.2,residential,3,5.14,1242.76
6220,57.0,suburb,12,12.79,2097.1
6221,68.8,residential,4,8.68,1717.22
6222,36.8,residential,4,4.52,1312.11
6223,94.4,riverside,8,5.32,3443.75
6224,57.3,riverside,9,5.43,6142.66
6225,48.1,industrial,15,8.03,1435.84
6226,98.2,green_zone,7,6.76,1743.69
6227,84.5,business,26,4.88,4422.71
6228,33.8,university,11,5.58,4905.7
6229,107.3,suburb,5,11.54,2564.31
6230,143.0,suburb,15,9.1,2989.54
6231,49.2,university,16,5.58,1641.0
6232,62.7,industrial,2,9.69,1246.86
6233,53.3,university,15,7.99,3002.34
6234,86.2,business,1,4.47,7076.66
6235,61.8,residential,2,8.35,2106.39
6236,39.0,business,8,2.75,3263.5
6237,62.7,residential,19,5.21,1798.97
6238,94.3,suburb,6,16.53,2167.7
6239,70.7,riverside,12,7.35,3415.94
6240,36.7,university,18,6.0,2620.14
6241,63.4,central,2,1.38,4625.07
6242,91.9,old_town,3,1.32,2337.43
6243,160.7,luxury_hills,23,11.69,14572.75
6244,62.4,riverside,5,4.4,4548.38
6245,52.3,central,11,0.99,3988.87
6246,77.3,central,11,2.28,3249.95
6247,99.2,suburb,17,10.54,3672.77
6248,165.2,suburb,2,8.22,6069.19
6249,67.2,university,12,7.6,2874.66
6250,76.5,central,6,0.45,4642.86
6251,92.1,residential,1,2.1,2805.94
6252,114.6,suburb,7,15.69,2483.82
6253,84.8,residential,2,2.93,2681.3
6254,46.9,business,8,0.77,2071.4
6255,99.1,suburb,6,10.21,4134.04
6256,38.8,university,16,3.38,2268.35
6257,75.0,residential,4,6.87,2404.26
6258,66.7,business,12,3.56,3149.47
6259,88.0,green_zone,19,6.72,4109.74
6260,46.9,riverside,11,4.24,3462.75
6261,34.1,residential,22,4.62,1759.15
6262,126.9,suburb,7,8.42,1045.17
6263,64.0,old_town,7,2.87,4845.48
6264,73.8,green_zone,12,8.02,2239.47
6265,70.3,business,12,3.17,3730.3
6266,86.8,central,26,1.2,4785.42
6267,153.8,suburb,4,9.1,2104.13
6268,49.2,central,5,1.8,2924.65
6269,68.2,central,9,1.03,1781.18
6270,29.7,residential,7,12.31,2142.37
6271,40.5,business,9,3.01,3777.48
6272,47.6,business,12,3.25,3532.11
6273,43.5,business,6,2.73,3443.64
6274,98.0,business,2,2.41,3479.83
6275,82.8,central,9,2.82,3513.36
6276,73.0,old_town,8,4.26,2362.42
6277,92.1,business,12,1.72,5490.69
6278,21.3,residential,11,6.49,2950.84
6279,61.8,industrial,12,10.98,1474.45
6280,114.1,riverside,8,4.98,3233.45
6281,141.2,luxury_hills,7,12.56,13668.87
6282,66.9,industrial,11,5.95,1297.68
6283,32.9,residential,13,4.52,1696.63
6284,59.5,university,2,5.07,2387.89
6285,62.3,residential,20,5.96,2276.38
6286,42.2,residential,10,7.06,2162.53
6287,95.0,riverside,4,8.13,3589.27
6288,45.8,residential,2,3.34,1556.04
6289,147.3,luxury_hills,8,14.85,13834.93
6290,73.4,riverside,5,7.18,2319.97
6291,67.4,industrial,3,8.74,2145.92
6292,52.8,riverside,4,5.01,2313.69
6293,79.0,suburb,4,14.81,917.43
6294,35.8,industrial,5,8.42,2544.39
6295,62.9,residential,7,7.8,2231.11
6296,61.5,business,14,0.5,5021.26
6297,28.8,central,2,2.29,2624.96
6298,43.3,central,2,1.81,4574.23
6299,45.7,industrial,1,7.83,350.0
6300,68.5,suburb,8,12.97,1866.11
6301,97.4,riverside,8,5.86,2936.08
6302,36.6,university,10,5.46,2779.94
6303,78.8,business,10,3.62,3525.06
6304,138.9,suburb,9,16.55,4187.02
6305,107.0,luxury_hills,16,8.45,14038.39
6306,118.2,riverside,8,4.07,2095.28
6307,56.6,industrial,2,10.94,1996.32
6308,80.7,industrial,3,11.3,1283.26
6309,46.6,old_town,7,2.28,1716.57
6310,62.4,business,25,5.53,2560.99
6311,47.6,industrial,2,14.76,475.64
6312,39.5,riverside,9,5.0,2399.91
6313,55.4,central,12,2.4,3245.11
6314,50.5,riverside,10,3.92,2993.11
6315,44.0,green_zone,12,11.68,1795.37
6316,102.4,suburb,13,13.55,2973.15
6317,81.3,suburb,2,13.45,1895.86
6318,75.9,business,5,3.25,2377.15
6319,32.5,industrial,3,9.55,1365.59
6320,98.3,old_town,7,2.2,7072.11
6321,64.4,suburb,14,19.23,3165.14
6322,24.4,industrial,7,8.16,1588.39
6323,115.7,residential,12,3.74,2411.16
6324,48.2,business,3,2.98,5295.78
6325,26.2,central,7,2.57,2688.95
6326,89.8,industrial,1,7.78,2017.04
6327,91.3,old_town,2,0.77,3819.01
6328,72.2,business,37,2.27,7684.05
6329,55.8,industrial,16,13.14,1044.25
6330,81.2,luxury_hills,6,4.07,8863.4
6331,114.1,suburb,10,13.1,6553.3
6332,135.6,suburb,15,9.94,4781.53
6333,89.9,suburb,4,14.33,1108.59
6334,38.7,business,23,2.54,4273.37
6335,71.9,green_zone,20,7.3,5107.75
6336,58.6,business,34,3.19,4310.69
6337,22.2,university,10,0.42,2880.59
6338,57.1,industrial,12,13.71,1315.78
6339,69.5,residential,7,7.68,1840.23
6340,24.9,central,12,2.68,2724.85
6341,98.0,suburb,3,7.83,3113.13
6342,65.0,residential,11,5.1,3581.06
6343,118.9,suburb,12,15.5,1430.49
6344,87.4,suburb,3,14.96,3127.63
6345,53.3,university,11,6.56,1956.14
6346,49.8,business,1,3.47,4139.22
6347,87.4,residential,16,6.84,1889.58
6348,74.0,green_zone,7,11.65,3380.04
6349,99.4,suburb,13,14.05,2984.24
6350,54.2,riverside,6,3.41,2270.45
6351,96.9,old_town,4,3.47,2928.32
6352,59.3,residential,16,9.21,1217.38
6353,75.1,business,8,2.73,2929.74
6354,92.0,residential,13,8.03,1545.36
6355,82.2,industrial,4,11.07,350.0
6356,67.6,suburb,2,17.31,1663.55
6357,69.8,industrial,9,7.3,2079.17
6358,88.5,residential,7,6.86,3183.53
6359,35.7,business,8,5.22,5320.74
6360,73.2,riverside,19,3.21,2790.44
6361,87.3,green_zone,10,11.24,2249.93
6362,87.7,residential,12,5.94,1352.34
6363,42.3,residential,5,7.27,1701.18
6364,49.2,university,3,4.61,2056.21
6365,75.4,green_zone,1,7.87,1715.22
6366,67.2,industrial,8,11.87,1760.21
6367,104.6,old_town,8,2.97,3282.33
6368,49.7,university,12,5.68,3367.3
6369,110.9,residential,4,6.27,1053.99
6370,67.9,business,9,1.57,2918.12
6371,138.1,luxury_hills,3,6.95,14839.02
6372,74.4,residential,12,7.67,2334.41
6373,118.4,residential,6,5.96,2110.75
6374,161.2,luxury_hills,4,11.95,15001.77
6375,48.7,business,4,2.92,3937.4
6376,139.8,green_zone,6,10.16,2970.77
6377,19.4,business,7,3.71,3190.47
6378,91.1,green_zone,2,6.66,2034.6
6379,49.5,residential,15,6.79,2998.99
6380,109.3,business,5,3.16,4281.88
6381,18.0,university,3,3.34,3350.19
6382,109.1,suburb,10,13.62,2512.44
6383,67.2,residential,17,8.92,1372.38
6384,69.4,green_zone,18,7.14,1677.46
6385,46.5,university,19,6.35,2298.42
6386,69.2,residential,11,5.62,3292.66
6387,43.8,industrial,4,7.39,1469.15
6388,104.9,business,7,3.1,4645.4
6389,34.5,central,30,0.83,5830.03
6390,40.2,central,4,1.39,3378.59
6391,133.0,luxury_hills,1,7.46,12665.83
6392,188.9,luxury_hills,1,8.6,33132.87
6393,42.8,university,7,4.17,3561.91
6394,40.4,industrial,6,4.96,1376.04
6395,51.9,industrial,11,8.92,350.0
6396,128.8,suburb,8,11.34,1959.71
6397,59.0,industrial,10,12.05,458.6
6398,69.2,suburb,13,10.32,1278.16
6399,44.4,business,35,1.47,1930.21
6400,67.1,suburb,4,12.35,2439.57
6401,110.6,suburb,1,14.83,2752.77
6402,73.0,residential,6,7.37,2413.05
6403,39.1,riverside,29,6.87,3733.97
6404,56.9,university,10,2.11,2690.07
6405,69.6,suburb,15,15.97,1720.63
6406,90.0,old_town,5,2.81,3896.44
6407,67.6,suburb,12,15.6,1833.97
6408,39.0,industrial,5,5.78,1194.29
6409,121.9,residential,10,7.54,3021.4
6410,107.5,suburb,18,8.03,1734.37
6411,66.0,industrial,14,12.63,1230.54
6412,112.7,green_zone,6,9.81,1477.5
6413,139.7,old_town,3,4.64,3198.95
6414,68.0,industrial,14,10.33,1173.32
6415,104.3,green_zone,4,7.03,3522.66
6416,24.7,business,10,1.93,3964.49
6417,43.4,university,12,7.16,1091.97
6418,49.5,old_town,4,2.91,2219.32
6419,78.9,green_zone,9,6.44,3691.63
6420,113.7,green_zone,6,7.84,1805.94
6421,42.9,riverside,1,7.96,2778.55
6422,53.7,suburb,5,13.19,1584.64
6423,54.6,residential,20,7.03,953.58
6424,33.5,residential,3,9.87,2305.16
6425,43.8,university,1,1.81,2658.76
6426,77.6,industrial,13,12.71,680.18
6427,62.9,green_zone,11,10.5,1014.43
6428,126.0,business,30,2.52,4272.76
6429,111.4,suburb,11,15.39,2085.75
6430,80.4,industrial,16,7.81,1449.34
6431,47.9,university,8,3.74,2254.63
6432,89.0,riverside,8,9.05,2993.81
6433,87.6,old_town,6,3.37,3430.26
6434,19.0,industrial,16,11.13,489.93
6435,91.7,suburb,12,13.64,2395.91
6436,77.5,green_zone,3,7.82,1775.24
6437,67.7,suburb,8,8.81,2980.57
6438,99.2,suburb,4,6.31,1244.64
6439,97.9,riverside,8,3.69,1745.7
6440,63.1,old_town,1,3.83,3468.73
6441,39.5,business,12,2.86,2983.58
6442,85.9,residential,18,2.29,1338.12
6443,33.6,university,5,6.92,1910.06
6444,86.7,business,3,2.42,3517.19
6445,40.7,university,3,5.46,2272.16
6446,73.6,riverside,5,6.42,2487.81
6447,87.4,industrial,2,13.72,1064.2
6448,146.5,suburb,7,14.39,596.2
6449,70.2,suburb,11,19.03,1220.65
6450,83.6,industrial,13,13.22,405.78
6451,85.0,riverside,7,5.84,3302.7
6452,37.4,business,11,3.83,2877.03
6453,62.5,business,7,2.79,4314.74
6454,80.6,business,10,3.12,2974.57
6455,68.8,central,31,1.66,2778.57
6456,67.7,industrial,5,11.76,826.44
6457,51.7,business,6,4.19,3432.47
6458,73.6,residential,9,6.99,1575.75
6459,99.0,green_zone,12,8.1,495.76
6460,105.4,suburb,14,13.17,562.39
6461,158.5,residential,12,4.84,2329.09
6462,50.4,central,27,0.46,4108.0
6463,23.8,central,18,1.6,3076.26
6464,20.2,university,2,7.14,2725.36
6465,42.5,university,6,4.39,2629.91
6466,41.5,suburb,12,8.02,1727.46
6467,49.8,industrial,11,7.35,669.97
6468,58.9,suburb,2,13.33,1786.22
6469,40.3,university,7,6.29,1821.01
6470,73.7,riverside,13,5.76,2472.81
6471,35.4,residential,8,7.31,1574.72
6472,65.4,riverside,3,6.75,1550.51
6473,71.5,residential,22,7.97,912.93
6474,41.3,industrial,4,6.79,2183.14
6475,62.3,suburb,6,15.37,2359.48
6476,37.6,central,28,1.16,5288.43
6477,49.4,central,4,1.38,4852.92
6478,72.2,industrial,11,8.85,530.65
6479,50.2,residential,8,7.6,1506.61
6480,60.8,residential,21,6.78,3957.95
6481,140.3,green_zone,12,11.97,1900.31
6482,45.2,riverside,7,8.0,2821.85
6483,95.7,green_zone,8,5.12,2671.37
6484,51.8,central,2,0.2,2172.09
6485,78.7,luxury_hills,15,5.8,7930.76
6486,95.1,industrial,11,10.43,962.75
6487,66.4,business,2,2.21,4551.99
6488,62.7,suburb,5,13.19,1505.1
6489,101.4,residential,4,5.21,4234.22
6490,41.4,central,2,1.27,3240.37
6491,48.8,industrial,15,11.77,1257.87
6492,50.6,business,2,4.48,3519.92
6493,39.3,university,6,4.01,2315.73
6494,96.4,residential,3,6.06,3032.3
6495,74.0,luxury_hills,9,7.06,14129.63
6496,89.9,suburb,11,13.33,1956.6
6497,130.1,residential,17,3.75,3228.86
6498,91.4,old_town,4,1.77,1077.91
6499,96.1,suburb,5,9.15,2580.72
6500,103.9,suburb,4,11.45,1936.15
6501,71.9,business,11,2.72,2973.21
6502,127.2,luxury_hills,11,6.5,15452.49
6503,80.0,residential,14,6.14,2918.45
6504,46.6,business,27,3.52,3395.9
6505,69.8,business,1,4.25,2861.96
6506,53.4,residential,19,8.28,3792.57
6507,91.3,green_zone,3,6.97,2688.96
6508,76.3,central,18,2.43,4460.72
6509,107.4,old_town,2,3.91,4580.14
6510,59.4,university,11,5.0,3283.31
6511,89.3,business,3,2.25,4167.78
6512,56.9,industrial,3,11.13,695.62
6513,104.4,suburb,16,12.94,2136.89
6514,50.5,business,3,2.86,4579.77
6515,81.4,residential,10,5.56,3112.48
6516,63.8,residential,15,5.98,2473.15
6517,82.7,green_zone,14,3.25,2612.4
6518,31.8,residential,4,4.59,2106.31
6519,30.0,residential,4,6.93,1720.31
6520,69.5,industrial,14,8.77,1634.65
6521,77.5,riverside,29,4.53,2869.95
6522,87.5,residential,6,9.89,2463.63
6523,112.0,suburb,8,12.83,3322.98
6524,67.7,residential,5,7.9,1946.73
6525,65.7,suburb,6,19.19,1231.44
6526,71.6,central,11,0.68,5284.48
6527,67.2,central,5,2.05,6788.57
6528,100.5,suburb,7,14.02,2423.24
6529,81.7,residential,6,3.58,2991.52
6530,73.7,riverside,14,6.48,1342.79
6531,93.6,riverside,10,5.55,3532.37
6532,78.4,green_zone,4,11.85,2797.99
6533,84.4,suburb,4,12.8,1934.76
6534,130.4,suburb,15,11.05,1298.05
6535,43.6,residential,12,4.35,3595.19
6536,53.0,suburb,12,8.16,3719.71
6537,42.4,suburb,11,15.4,1229.53
6538,93.6,business,26,1.51,3724.94
6539,52.2,university,6,3.01,4766.85
6540,66.7,business,12,4.37,5495.81
6541,31.6,riverside,12,4.48,2017.71
6542,74.7,green_zone,9,6.82,2777.25
6543,39.5,business,1,2.38,4156.99
6544,67.5,business,3,2.22,3916.66
6545,169.2,luxury_hills,19,13.76,25469.81
6546,110.2,suburb,2,8.36,4938.41
6547,79.8,suburb,5,13.67,2154.78
6548,37.0,residential,7,4.23,1606.65
6549,76.7,old_town,7,1.42,3444.09
6550,153.2,suburb,9,10.38,568.56
6551,105.2,suburb,10,10.15,2855.67
6552,71.6,university,5,6.26,2752.82
6553,23.8,residential,13,3.38,1016.55
6554,32.9,university,1,4.24,3623.15
6555,62.8,business,4,2.24,4459.46
6556,76.2,old_town,6,4.08,3743.77
6557,39.9,riverside,10,4.16,2941.41
6558,60.1,business,1,2.19,2569.4
6559,41.7,riverside,25,8.93,4286.72
6560,56.3,university,6,5.9,2262.51
6561,87.5,business,3,3.17,2939.75
6562,60.2,suburb,17,21.51,1984.01
6563,31.3,old_town,1,2.52,2423.28
6564,166.0,suburb,8,13.92,1371.65
6565,71.7,university,10,5.39,1675.78
6566,85.7,central,29,0.69,3261.6
6567,67.2,central,6,0.88,4116.44
6568,39.5,industrial,9,10.83,531.91
6569,69.9,business,30,3.24,3368.58
6570,32.0,university,2,1.12,2568.54
6571,58.7,central,12,0.76,4144.8
6572,80.2,old_town,6,1.45,2163.12
6573,93.2,residential,3,7.63,1708.95
6574,47.3,central,20,1.4,4245.72
6575,64.0,residential,12,9.84,2220.79
6576,67.5,industrial,14,9.56,1384.95
6577,36.7,university,4,9.13,1957.51
6578,110.9,residential,4,7.01,2194.12
6579,76.7,business,18,3.78,3745.16
6580,57.7,central,7,1.73,4578.34
6581,27.4,residential,9,8.4,2709.66
6582,52.0,residential,21,7.62,1476.3
6583,82.2,central,18,1.19,8291.7
6584,74.2,residential,12,7.59,2453.14
6585,93.2,suburb,12,9.32,1771.54
6586,78.1,residential,12,10.47,1850.7
6587,84.7,riverside,1,4.87,3744.2
6588,43.8,university,12,4.26,8833.77
6589,85.6,residential,19,6.0,1919.01
6590,55.6,central,2,2.89,3400.79
6591,86.8,green_zone,7,10.48,3025.67
6592,61.8,residential,1,6.69,3035.36
6593,60.9,industrial,12,7.95,1798.84
6594,74.1,industrial,4,13.98,4159.63
6595,66.0,university,4,5.45,1410.93
6596,37.3,business,3,2.31,4284.99
6597,93.5,green_zone,3,9.23,3065.91
6598,38.0,business,10,3.18,3374.92
6599,33.6,university,3,3.5,3952.53
6600,75.0,suburb,9,11.09,2069.43
6601,61.1,university,3,2.44,2941.22
6602,113.0,suburb,3,18.01,3647.73
6603,107.9,suburb,8,18.44,2207.31
6604,49.6,central,1,1.96,4805.88
6605,50.2,university,5,2.58,2361.58
6606,47.5,old_town,7,4.22,2638.76
6607,39.5,old_town,3,1.41,3291.76
6608,38.7,residential,9,6.4,2080.46
6609,42.6,central,12,1.35,2797.49
6610,36.2,university,12,6.85,1648.08
6611,18.0,suburb,12,12.68,1939.1
6612,68.6,riverside,2,7.79,1807.08
6613,61.8,riverside,16,4.16,2884.8
6614,54.6,university,9,4.43,2760.95
6615,58.0,university,14,5.81,2638.61
6616,55.2,central,2,1.34,2893.49
6617,96.5,riverside,7,6.82,3019.53
6618,43.6,industrial,6,10.46,2424.47
6619,77.9,old_town,5,2.31,4009.2
6620,37.9,university,11,3.91,2520.42
6621,100.8,suburb,9,13.49,2785.42
6622,49.1,old_town,5,4.8,1625.74
6623,56.0,business,33,3.18,2606.84
6624,43.0,old_town,6,2.22,1692.16
6625,90.7,business,7,3.21,3267.04
6626,133.3,green_zone,3,7.11,1525.96
6627,154.6,luxury_hills,6,8.53,15917.27
6628,73.1,suburb,12,9.3,2235.28
6629,46.8,central,32,1.53,5094.64
6630,60.9,suburb,18,5.72,2800.28
6631,62.1,central,10,2.41,5538.91
6632,50.4,industrial,8,13.88,1656.91
6633,82.4,suburb,10,15.2,2023.27
6634,80.9,riverside,3,4.65,3350.27
6635,112.6,luxury_hills,24,9.57,10047.41
6636,37.5,business,1,2.73,2785.71
6637,42.3,riverside,2,10.02,2285.96
6638,89.3,old_town,7,3.85,1191.43
6639,34.4,university,11,7.28,2567.82
6640,115.8,suburb,6,9.38,808.71
6641,51.0,business,5,3.38,3398.75
6642,82.5,suburb,9,11.23,2241.31
6643,120.7,suburb,11,9.91,2888.35
6644,103.5,old_town,7,1.32,3867.16
6645,88.3,riverside,11,6.98,1424.4
6646,181.5,luxury_hills,5,9.31,24187.1
6647,19.7,residential,2,2.84,1401.5
6648,48.5,central,7,1.41,4892.01
6649,81.8,central,19,1.1,5452.92
6650,123.0,luxury_hills,2,9.41,13918.06
6651,58.2,industrial,8,11.5,908.91
6652,101.9,suburb,11,15.74,1350.66
6653,109.3,luxury_hills,9,10.55,18978.1
6654,44.9,residential,8,8.45,1801.92
6655,43.9,residential,2,9.31,2304.62
6656,82.0,business,26,4.66,3017.12
6657,66.5,industrial,12,6.27,2225.85
6658,18.0,residential,5,7.28,1121.88
6659,69.6,central,9,0.57,2741.85
6660,33.4,business,15,3.43,3819.96
6661,18.0,residential,3,7.02,1895.51
6662,90.1,business,40,2.0,3994.39
6663,54.0,university,7,7.33,1317.63
6664,114.2,residential,12,7.72,1596.15
6665,91.7,business,12,1.48,5749.53
6666,41.3,university,6,3.8,1652.79
6667,67.9,residential,7,6.97,3009.87
6668,43.0,residential,2,6.84,1838.25
6669,46.1,central,9,2.21,2242.37
6670,143.1,luxury_hills,12,7.35,24327.77
6671,53.8,old_town,5,3.71,3099.53
6672,23.6,central,6,0.46,6100.7
6673,122.4,suburb,2,12.34,2104.69
6674,79.3,suburb,3,9.7,2061.99
6675,65.2,suburb,15,13.03,1430.66
6676,108.5,suburb,5,4.62,5278.77
6677,65.2,central,3,1.57,5484.2
6678,101.6,green_zone,2,6.79,2217.24
6679,30.3,residential,6,5.39,2087.0
6680,35.9,residential,14,5.34,1542.47
6681,42.2,business,6,1.93,2740.92
6682,67.2,residential,4,8.46,1399.1
6683,40.7,university,11,4.03,2478.06
6684,48.0,suburb,5,11.17,1578.65
6685,95.6,suburb,13,13.43,2149.75
6686,67.4,residential,17,2.99,2654.05
6687,90.6,residential,5,8.99,1058.86
6688,57.5,central,12,2.39,2731.27
6689,105.1,suburb,12,17.74,2388.35
6690,19.5,old_town,1,2.0,2469.67
6691,33.8,riverside,12,6.74,2833.62
6692,84.9,residential,2,5.44,2416.77
6693,39.4,residential,5,3.8,1464.34
6694,44.0,old_town,3,2.31,2666.64
6695,89.2,old_town,8,1.72,1914.82
6696,67.7,riverside,4,7.15,2375.2
6697,72.2,suburb,9,16.54,2738.43
6698,70.0,residential,11,7.18,911.53
6699,73.8,riverside,4,5.1,6351.15
6700,51.7,university,20,2.39,1415.78
6701,68.9,business,1,2.72,3075.46
6702,113.3,riverside,5,6.46,1989.22
6703,50.4,residential,5,6.81,3025.89
6704,72.4,business,1,3.69,2714.09
6705,116.2,suburb,9,12.89,3580.43
6706,46.6,old_town,1,3.93,2425.21
6707,85.3,central,19,1.39,4932.81
6708,88.5,residential,6,9.75,825.25
6709,82.3,green_zone,4,8.69,2597.14
6710,87.7,green_zone,14,7.64,2596.67
6711,66.1,central,18,1.73,2867.08
6712,79.4,residential,8,5.93,1080.36
6713,67.1,green_zone,3,10.97,1881.24
6714,66.2,green_zone,14,8.84,2556.06
6715,74.5,residential,11,9.27,1586.25
6716,82.4,central,7,0.6,2820.82
6717,58.6,suburb,5,7.23,943.82
6718,54.5,central,6,0.72,5546.22
6719,71.2,university,8,4.82,2748.35
6720,54.9,business,8,1.24,2279.8
6721,81.8,residential,9,6.3,2871.65
6722,36.3,industrial,1,7.39,2244.63
6723,45.2,university,13,3.87,1876.18
6724,42.6,university,7,5.17,3131.84
6725,109.3,suburb,2,13.87,2837.63
6726,92.2,residential,18,9.61,1613.3
6727,80.8,suburb,2,8.03,3260.69
6728,135.7,luxury_hills,9,11.56,11630.78
6729,77.7,suburb,7,9.75,2265.23
6730,59.8,central,12,2.01,6952.78
6731,159.4,suburb,10,13.1,2996.17
6732,75.2,residential,4,8.21,1528.5
6733,54.5,industrial,10,9.3,846.73
6734,49.9,central,11,1.1,3055.15
6735,42.4,university,12,4.45,4494.76
6736,68.6,university,20,1.98,4073.03
6737,45.1,university,9,1.3,2948.04
6738,29.4,old_town,5,1.93,2308.12
6739,65.2,industrial,2,16.03,350.0
6740,95.0,old_town,5,1.84,3426.7
6741,70.7,suburb,13,15.22,1879.05
6742,37.0,old_town,8,0.51,3375.9
6743,62.2,industrial,13,11.53,1083.91
6744,43.1,central,5,0.71,3668.93
6745,62.2,suburb,15,11.23,3366.75
6746,35.8,university,15,8.76,3446.16
6747,149.7,suburb,2,12.51,1914.04
6748,41.4,riverside,12,5.4,5335.91
6749,48.8,old_town,5,1.25,2158.78
6750,72.8,residential,20,4.69,1905.4
6751,68.1,riverside,8,6.58,1404.31
6752,46.1,riverside,5,4.6,2642.21
6753,83.3,residential,5,7.67,3054.77
6754,111.1,luxury_hills,13,5.98,11584.61
6755,55.4,residential,5,5.55,2864.22
6756,72.2,riverside,7,4.01,3561.68
6757,65.5,residential,3,4.15,627.53
6758,99.3,suburb,16,12.07,2953.59
6759,49.0,central,11,1.71,4046.55
6760,57.6,green_zone,17,12.71,2130.62
6761,66.9,residential,11,5.57,1941.24
6762,64.4,residential,1,5.92,1871.29
6763,35.9,business,10,3.44,2432.69
6764,132.8,riverside,8,3.33,4938.18
6765,48.1,suburb,8,12.22,1854.33
6766,61.0,old_town,8,2.15,2983.61
6767,28.9,university,19,5.27,2374.76
6768,81.9,old_town,2,3.44,2765.32
6769,48.3,business,11,2.2,3974.38
6770,93.4,suburb,9,15.86,2395.47
6771,64.7,residential,8,3.33,4790.99
6772,25.8,university,6,3.84,3312.64
6773,53.0,industrial,13,9.62,1269.01
6774,69.9,central,9,1.61,2082.31
6775,123.7,suburb,4,12.97,2690.1
6776,52.3,university,15,4.39,3210.61
6777,82.9,green_zone,1,9.83,2307.64
6778,80.2,riverside,6,6.86,1470.78
6779,114.5,luxury_hills,11,8.68,20267.97
6780,67.5,suburb,16,6.33,2446.08
6781,72.8,suburb,5,11.38,1830.33
6782,54.0,business,4,1.21,3386.97
6783,76.0,residential,10,10.17,1040.94
6784,82.1,residential,6,4.41,4187.24
6785,91.2,business,12,3.1,6213.23
6786,60.6,residential,20,8.33,1976.36
6787,38.7,residential,12,7.41,2632.14
6788,81.0,residential,2,6.19,2037.18
6789,65.9,industrial,16,10.6,846.79
6790,121.7,suburb,8,8.37,3028.1
6791,71.1,business,1,2.77,3222.97
6792,237.6,luxury_hills,8,9.18,45795.96
6793,75.4,residential,17,7.92,1496.62
6794,102.8,residential,5,5.66,2653.28
6795,53.8,university,3,2.55,3069.24
6796,64.7,industrial,13,7.86,423.77
6797,70.4,suburb,6,12.34,3159.76
6798,61.0,residential,20,8.43,1509.54
6799,58.7,residential,9,9.81,1926.52
6800,130.0,green_zone,9,8.75,3813.29
6801,102.8,industrial,9,9.7,1687.99
6802,56.8,university,15,3.2,596.85
6803,95.9,green_zone,5,12.14,2411.01
6804,143.6,green_zone,8,5.27,3445.33
6805,95.9,business,7,2.59,2871.84
6806,73.8,riverside,11,5.55,2121.14
6807,77.6,suburb,2,7.59,2027.39
6808,95.8,suburb,10,10.09,3738.97
6809,46.2,university,19,3.16,1517.29
6810,78.9,business,1,1.93,3336.35
6811,83.6,luxury_hills,1,4.48,8357.17
6812,93.9,suburb,9,17.38,1774.71
6813,49.7,university,12,2.75,2653.72
6814,34.6,central,7,1.36,3804.2
6815,58.4,riverside,26,6.74,1700.17
6816,77.5,riverside,23,1.65,2687.21
6817,47.2,suburb,2,8.56,2030.26
6818,52.8,residential,22,5.99,1623.21
6819,78.8,suburb,11,17.15,1447.24
6820,67.7,university,9,2.76,3343.51
6821,54.0,riverside,21,4.85,2715.98
6822,18.0,residential,6,11.06,1084.52
6823,105.1,green_zone,12,7.89,2724.18
6824,62.7,green_zone,2,10.48,2302.15
6825,42.7,old_town,1,2.19,2666.42
6826,84.9,industrial,11,6.71,1234.58
6827,48.1,university,20,3.52,2326.98
6828,129.2,old_town,5,2.21,2881.07
6829,18.0,residential,1,9.69,1432.8
6830,35.7,university,12,5.93,3411.99
6831,72.4,residential,15,8.41,1459.36
6832,63.3,riverside,3,7.26,3312.57
6833,69.1,suburb,2,11.38,2602.04
6834,53.3,central,20,2.53,3406.94
6835,74.7,university,12,6.39,1421.39
6836,51.5,university,12,4.98,1782.55
6837,60.5,suburb,15,14.31,1608.42
6838,38.3,green_zone,6,5.35,1918.59
6839,30.2,residential,17,6.31,2071.46
6840,154.1,suburb,14,15.76,2137.54
6841,114.4,suburb,14,10.32,3631.74
6842,114.2,luxury_hills,17,10.56,12150.54
6843,35.9,residential,11,8.23,1642.33
6844,85.5,suburb,5,16.12,2058.94
6845,25.6,industrial,14,7.43,590.38
6846,65.0,suburb,6,12.99,2110.65
6847,66.8,riverside,10,4.37,3242.66
6848,59.6,residential,18,2.6,2446.29
6849,51.0,industrial,11,11.37,908.75
6850,92.7,old_town,1,1.48,2957.55
6851,59.6,central,24,1.01,3867.6
6852,61.2,residential,3,3.43,3753.95
6853,74.1,residential,12,7.29,2083.17
6854,74.4,green_zone,4,9.58,2395.51
6855,64.5,green_zone,1,5.88,3082.83
6856,67.4,suburb,2,15.94,1069.21
6857,98.8,suburb,1,13.37,4182.78
6858,35.7,business,8,4.8,3426.75
6859,67.6,university,7,3.13,3252.51
6860,80.6,old_town,5,2.1,1952.44
6861,18.0,suburb,3,13.56,1428.1
6862,115.0,riverside,4,2.76,4617.97
6863,31.8,riverside,2,4.77,4104.79
6864,105.7,business,12,2.71,3775.32
6865,56.2,industrial,11,11.62,1842.89
6866,81.8,business,11,2.49,3536.88
6867,70.5,residential,16,7.35,2195.47
6868,96.0,riverside,30,3.81,1925.96
6869,83.6,suburb,6,8.29,1500.86
6870,65.9,old_town,2,2.5,2624.04
6871,54.4,central,12,2.61,5767.48
6872,67.3,old_town,6,3.94,3235.6
6873,86.9,business,12,1.07,5171.16
6874,133.9,suburb,4,12.67,1025.52
6875,30.2,university,4,2.21,3709.09
6876,85.6,residential,13,8.01,1724.18
6877,57.8,university,8,2.9,2576.8
6878,50.5,university,8,7.22,2760.12
6879,63.3,residential,10,6.15,2368.14
6880,48.7,residential,17,6.4,1767.31
6881,47.7,university,2,2.61,1442.24
6882,53.3,residential,5,9.46,2501.39
6883,138.3,luxury_hills,1,11.05,13293.99
6884,130.5,suburb,16,12.22,2533.02
6885,83.5,green_zone,1,8.98,1660.89
6886,63.4,central,25,1.73,3827.45
6887,56.1,university,16,7.23,936.52
6888,116.7,suburb,12,13.58,2349.14
6889,71.7,residential,16,11.27,2693.63
6890,72.6,central,10,2.52,3352.37
6891,39.1,central,1,1.36,5159.68
6892,122.3,suburb,13,11.46,685.46
6893,74.2,riverside,23,6.13,3741.38
6894,30.9,business,32,2.7,3627.51
6895,71.2,industrial,9,8.09,414.41
6896,77.6,residential,5,6.18,2699.78
6897,74.9,suburb,14,12.88,1526.58
6898,113.0,old_town,1,4.05,3576.02
6899,35.7,university,5,5.57,2870.94
6900,43.5,central,4,0.75,4777.03
6901,134.4,suburb,1,13.72,350.0
6902,60.1,industrial,9,11.9,737.87
6903,67.9,residential,1,7.22,2379.55
6904,50.4,university,1,5.67,2285.4
6905,61.6,industrial,11,9.4,1471.51
6906,69.7,residential,2,1.24,2662.83
6907,80.4,residential,3,7.75,2154.1
6908,63.8,green_zone,5,10.19,1882.41
6909,38.4,residential,14,5.23,2138.24
6910,52.4,industrial,12,8.32,1213.43
6911,54.0,business,3,3.31,2946.97
6912,29.3,suburb,9,8.66,2110.05
6913,57.3,university,19,6.32,1896.92
6914,73.4,residential,7,8.94,2453.86
6915,135.7,old_town,8,2.27,4200.93
6916,48.5,industrial,14,9.75,1416.02
6917,50.6,luxury_hills,4,5.2,4570.47
6918,60.9,university,18,5.57,2166.31
6919,47.8,industrial,7,9.85,1633.78
6920,59.7,university,4,5.68,2019.28
6921,33.9,green_zone,5,8.09,2469.02
6922,72.6,industrial,2,8.0,1051.69
6923,64.0,old_town,2,1.82,5002.74
6924,81.6,central,10,1.75,5049.45
6925,36.2,university,16,5.01,2789.97
6926,52.6,green_zone,10,8.76,2373.62
6927,18.0,business,11,3.6,5124.47
6928,100.7,suburb,8,2.02,2273.21
6929,59.9,green_zone,4,6.79,2684.32
6930,54.6,central,8,0.93,5284.05
6931,115.1,green_zone,19,10.88,4208.14
6932,45.1,residential,22,3.03,2942.25
6933,51.2,university,20,7.29,4271.78
6934,80.9,industrial,5,11.21,582.58
6935,80.3,industrial,13,8.45,2013.06
6936,28.7,residential,19,6.83,772.44
6937,33.7,central,8,1.13,2451.23
6938,65.1,residential,19,5.85,1032.54
6939,101.3,suburb,6,5.27,2609.89
6940,95.2,residential,19,7.94,2596.36
6941,97.1,riverside,16,2.83,3249.8
6942,112.9,green_zone,10,3.68,1915.4
6943,136.4,suburb,12,10.29,1033.86
6944,63.8,university,11,5.41,3336.39
6945,42.5,residential,1,5.75,2552.05
6946,58.6,industrial,7,4.61,1961.57
6947,63.0,university,4,3.24,3649.52
6948,79.4,green_zone,8,9.67,1404.34
6949,98.8,residential,12,5.27,2655.6
6950,61.0,business,5,4.68,3692.27
6951,77.1,suburb,5,10.37,2264.66
6952,132.0,suburb,10,10.14,882.51
6953,74.5,residential,1,6.89,1599.93
6954,60.4,industrial,1,10.3,859.74
6955,80.1,riverside,5,7.44,2379.08
6956,71.7,residential,21,9.54,2618.47
6957,56.7,business,7,2.54,3597.46
6958,62.4,industrial,10,12.95,884.62
6959,114.3,riverside,11,8.35,3142.78
6960,47.9,university,16,4.35,2957.55
6961,73.3,university,14,3.55,1331.13
6962,95.3,residential,5,6.12,2075.9
6963,43.8,university,17,3.84,3137.82
6964,62.2,residential,12,6.29,1239.31
6965,66.2,central,6,1.36,1916.58
6966,56.6,central,9,1.21,3952.46
6967,28.5,university,17,7.39,3512.77
6968,146.8,suburb,9,9.27,2046.53
6969,61.9,green_zone,17,5.69,3038.73
6970,68.0,business,3,2.61,2874.61
6971,53.4,residential,3,7.96,1836.39
6972,60.4,central,1,1.71,2261.41
6973,94.5,old_town,3,3.69,2680.46
6974,60.0,residential,19,4.23,2471.06
6975,33.4,industrial,16,8.64,757.12
6976,56.5,business,6,3.92,3210.9
6977,70.5,central,27,0.89,4735.76
6978,63.3,residential,8,5.07,1400.96
6979,83.9,business,17,3.41,5884.04
6980,54.6,old_town,7,4.43,1566.0
6981,35.3,residential,2,8.93,2097.23
6982,59.6,university,20,5.26,1957.83
6983,93.7,old_town,6,2.82,2450.93
6984,75.4,industrial,12,11.92,365.53
6985,75.9,suburb,4,11.96,2862.65
6986,132.2,suburb,2,17.25,791.37
6987,25.2,business,1,2.29,2538.28
6988,86.4,industrial,11,5.91,2919.03
6989,74.4,central,12,2.65,4754.42
6990,51.6,industrial,11,8.87,350.0
6991,58.7,old_town,5,3.56,3697.45
6992,56.5,suburb,11,9.63,2249.15
6993,86.5,green_zone,10,6.18,2681.84
6994,58.7,green_zone,2,8.63,2289.24
6995,97.1,green_zone,1,5.72,3001.42
6996,38.0,business,26,3.49,3810.1
6997,81.4,business,7,4.81,2847.71
6998,33.7,university,6,4.73,2702.93
6999,41.3,residential,10,10.79,1060.54
